"Subject","Skew","Block","CorrResp","Resp","Correct"
168,"Neg",1,"a","a",1
168,"Neg",1,"b","a",0
168,"Neg",1,"c","a",0
168,"Neg",1,"d","a",0
168,"Neg",1,"e","f",0
168,"Neg",1,"f","b",0
168,"Neg",1,"g","f",0
168,"Neg",1,"h","h",1
168,"Neg",1,"i","d",0
168,"Neg",2,"a","a",1
168,"Neg",2,"b","a",0
168,"Neg",2,"c","b",0
168,"Neg",2,"d","f",0
168,"Neg",2,"e","f",0
168,"Neg",2,"f","g",0
168,"Neg",2,"g","f",0
168,"Neg",2,"h","h",1
168,"Neg",2,"i","i",1
168,"Neg",3,"a","a",1
168,"Neg",3,"b","b",1
168,"Neg",3,"c","f",0
168,"Neg",3,"d","g",0
168,"Neg",3,"e","f",0
168,"Neg",3,"f","f",1
168,"Neg",3,"g","d",0
168,"Neg",3,"h","g",0
168,"Neg",3,"i","i",1
168,"Neg",4,"a","a",1
168,"Neg",4,"b","b",1
168,"Neg",4,"c","d",0
168,"Neg",4,"d","f",0
168,"Neg",4,"e","d",0
168,"Neg",4,"f","f",1
168,"Neg",4,"g","f",0
168,"Neg",4,"h","h",1
168,"Neg",4,"i","i",1
168,"Neg",5,"a","a",1
168,"Neg",5,"b","b",1
168,"Neg",5,"c","e",0
168,"Neg",5,"d","d",1
168,"Neg",5,"e","e",1
168,"Neg",5,"f","g",0
168,"Neg",5,"g","g",1
168,"Neg",5,"h","h",1
168,"Neg",5,"i","i",1
168,"Neg",6,"a","a",1
168,"Neg",6,"b","b",1
168,"Neg",6,"c","c",1
168,"Neg",6,"d","f",0
168,"Neg",6,"e","d",0
168,"Neg",6,"f","f",1
168,"Neg",6,"g","g",1
168,"Neg",6,"h","h",1
168,"Neg",6,"i","i",1
168,"Neg",7,"a","a",1
168,"Neg",7,"b","c",0
168,"Neg",7,"c","e",0
168,"Neg",7,"d","d",1
168,"Neg",7,"e","d",0
168,"Neg",7,"f","f",1
168,"Neg",7,"g","g",1
168,"Neg",7,"h","h",1
168,"Neg",7,"i","i",1
168,"Neg",8,"a","a",1
168,"Neg",8,"b","a",0
168,"Neg",8,"c","c",1
168,"Neg",8,"d","d",1
168,"Neg",8,"e","f",0
168,"Neg",8,"f","g",0
168,"Neg",8,"g","g",1
168,"Neg",8,"h","g",0
168,"Neg",8,"i","i",1
169,"Pos",1,"a","a",1
169,"Pos",1,"b","a",0
169,"Pos",1,"c","d",0
169,"Pos",1,"d","f",0
169,"Pos",1,"e","d",0
169,"Pos",1,"f","e",0
169,"Pos",1,"g","g",1
169,"Pos",1,"h","i",0
169,"Pos",1,"i","i",1
169,"Pos",2,"a","a",1
169,"Pos",2,"b","b",1
169,"Pos",2,"c","c",1
169,"Pos",2,"d","f",0
169,"Pos",2,"e","f",0
169,"Pos",2,"f","f",1
169,"Pos",2,"g","g",1
169,"Pos",2,"h","h",1
169,"Pos",2,"i","i",1
169,"Pos",3,"a","a",1
169,"Pos",3,"b","b",1
169,"Pos",3,"c","d",0
169,"Pos",3,"d","d",1
169,"Pos",3,"e","f",0
169,"Pos",3,"f","f",1
169,"Pos",3,"g","f",0
169,"Pos",3,"h","g",0
169,"Pos",3,"i","i",1
169,"Pos",4,"a","a",1
169,"Pos",4,"b","b",1
169,"Pos",4,"c","c",1
169,"Pos",4,"d","c",0
169,"Pos",4,"e","f",0
169,"Pos",4,"f","g",0
169,"Pos",4,"g","g",1
169,"Pos",4,"h","h",1
169,"Pos",4,"i","i",1
169,"Pos",5,"a","a",1
169,"Pos",5,"b","c",0
169,"Pos",5,"c","e",0
169,"Pos",5,"d","d",1
169,"Pos",5,"e","f",0
169,"Pos",5,"f","f",1
169,"Pos",5,"g","g",1
169,"Pos",5,"h","h",1
169,"Pos",5,"i","i",1
169,"Pos",6,"a","a",1
169,"Pos",6,"b","b",1
169,"Pos",6,"c","c",1
169,"Pos",6,"d","f",0
169,"Pos",6,"e","f",0
169,"Pos",6,"f","g",0
169,"Pos",6,"g","g",1
169,"Pos",6,"h","h",1
169,"Pos",6,"i","i",1
169,"Pos",7,"a","a",1
169,"Pos",7,"b","b",1
169,"Pos",7,"c","c",1
169,"Pos",7,"d","c",0
169,"Pos",7,"e","c",0
169,"Pos",7,"f","f",1
169,"Pos",7,"g","g",1
169,"Pos",7,"h","h",1
169,"Pos",7,"i","i",1
169,"Pos",8,"a","a",1
169,"Pos",8,"b","b",1
169,"Pos",8,"c","c",1
169,"Pos",8,"d","d",1
169,"Pos",8,"e","e",1
169,"Pos",8,"f","g",0
169,"Pos",8,"g","e",0
169,"Pos",8,"h","h",1
169,"Pos",8,"i","i",1
170,"Pos",1,"a","b",0
170,"Pos",1,"b","c",0
170,"Pos",1,"c","c",1
170,"Pos",1,"d","c",0
170,"Pos",1,"e","d",0
170,"Pos",1,"f","d",0
170,"Pos",1,"g","d",0
170,"Pos",1,"h","i",0
170,"Pos",1,"i","i",1
170,"Pos",2,"a","a",1
170,"Pos",2,"b","a",0
170,"Pos",2,"c","c",1
170,"Pos",2,"d","c",0
170,"Pos",2,"e","e",1
170,"Pos",2,"f","f",1
170,"Pos",2,"g","g",1
170,"Pos",2,"h","g",0
170,"Pos",2,"i","i",1
170,"Pos",3,"a","a",1
170,"Pos",3,"b","b",1
170,"Pos",3,"c","c",1
170,"Pos",3,"d","d",1
170,"Pos",3,"e","e",1
170,"Pos",3,"f","d",0
170,"Pos",3,"g","e",0
170,"Pos",3,"h","i",0
170,"Pos",3,"i","i",1
170,"Pos",4,"a","a",1
170,"Pos",4,"b","a",0
170,"Pos",4,"c","d",0
170,"Pos",4,"d","d",1
170,"Pos",4,"e","d",0
170,"Pos",4,"f","e",0
170,"Pos",4,"g","g",1
170,"Pos",4,"h","h",1
170,"Pos",4,"i","i",1
170,"Pos",5,"a","a",1
170,"Pos",5,"b","b",1
170,"Pos",5,"c","c",1
170,"Pos",5,"d","d",1
170,"Pos",5,"e","d",0
170,"Pos",5,"f","e",0
170,"Pos",5,"g","f",0
170,"Pos",5,"h","h",1
170,"Pos",5,"i","i",1
170,"Pos",6,"a","a",1
170,"Pos",6,"b","b",1
170,"Pos",6,"c","d",0
170,"Pos",6,"d","d",1
170,"Pos",6,"e","f",0
170,"Pos",6,"f","f",1
170,"Pos",6,"g","f",0
170,"Pos",6,"h","h",1
170,"Pos",6,"i","i",1
170,"Pos",7,"a","a",1
170,"Pos",7,"b","b",1
170,"Pos",7,"c","d",0
170,"Pos",7,"d","e",0
170,"Pos",7,"e","e",1
170,"Pos",7,"f","d",0
170,"Pos",7,"g","f",0
170,"Pos",7,"h","h",1
170,"Pos",7,"i","i",1
170,"Pos",8,"a","a",1
170,"Pos",8,"b","b",1
170,"Pos",8,"c","d",0
170,"Pos",8,"d","f",0
170,"Pos",8,"e","e",1
170,"Pos",8,"f","f",1
170,"Pos",8,"g","g",1
170,"Pos",8,"h","h",1
170,"Pos",8,"i","i",1
171,"Neg",1,"a","a",1
171,"Neg",1,"b","a",0
171,"Neg",1,"c","a",0
171,"Neg",1,"d","b",0
171,"Neg",1,"e","a",0
171,"Neg",1,"f","d",0
171,"Neg",1,"g","b",0
171,"Neg",1,"h","c",0
171,"Neg",1,"i","g",0
171,"Neg",2,"a","a",1
171,"Neg",2,"b","a",0
171,"Neg",2,"c","a",0
171,"Neg",2,"d","b",0
171,"Neg",2,"e","b",0
171,"Neg",2,"f","g",0
171,"Neg",2,"g","d",0
171,"Neg",2,"h","e",0
171,"Neg",2,"i","f",0
171,"Neg",3,"a","a",1
171,"Neg",3,"b","a",0
171,"Neg",3,"c","c",1
171,"Neg",3,"d","b",0
171,"Neg",3,"e","f",0
171,"Neg",3,"f","i",0
171,"Neg",3,"g","e",0
171,"Neg",3,"h","d",0
171,"Neg",3,"i","f",0
171,"Neg",4,"a","a",1
171,"Neg",4,"b","c",0
171,"Neg",4,"c","d",0
171,"Neg",4,"d","b",0
171,"Neg",4,"e","d",0
171,"Neg",4,"f","e",0
171,"Neg",4,"g","g",1
171,"Neg",4,"h","g",0
171,"Neg",4,"i","g",0
171,"Neg",5,"a","a",1
171,"Neg",5,"b","a",0
171,"Neg",5,"c","a",0
171,"Neg",5,"d","d",1
171,"Neg",5,"e","d",0
171,"Neg",5,"f","a",0
171,"Neg",5,"g","f",0
171,"Neg",5,"h","f",0
171,"Neg",5,"i","i",1
171,"Neg",6,"a","a",1
171,"Neg",6,"b","b",1
171,"Neg",6,"c","c",1
171,"Neg",6,"d","c",0
171,"Neg",6,"e","d",0
171,"Neg",6,"f","d",0
171,"Neg",6,"g","c",0
171,"Neg",6,"h","d",0
171,"Neg",6,"i","i",1
171,"Neg",7,"a","a",1
171,"Neg",7,"b","a",0
171,"Neg",7,"c","c",1
171,"Neg",7,"d","h",0
171,"Neg",7,"e","d",0
171,"Neg",7,"f","f",1
171,"Neg",7,"g","g",1
171,"Neg",7,"h","g",0
171,"Neg",7,"i","i",1
171,"Neg",8,"a","a",1
171,"Neg",8,"b","a",0
171,"Neg",8,"c","b",0
171,"Neg",8,"d","c",0
171,"Neg",8,"e","e",1
171,"Neg",8,"f","d",0
171,"Neg",8,"g","f",0
171,"Neg",8,"h","h",1
171,"Neg",8,"i","i",1
172,"Neg",1,"a","a",1
172,"Neg",1,"b","a",0
172,"Neg",1,"c","b",0
172,"Neg",1,"d","c",0
172,"Neg",1,"e","d",0
172,"Neg",1,"f","c",0
172,"Neg",1,"g","h",0
172,"Neg",1,"h","h",1
172,"Neg",1,"i","i",1
172,"Neg",2,"a","a",1
172,"Neg",2,"b","b",1
172,"Neg",2,"c","c",1
172,"Neg",2,"d","f",0
172,"Neg",2,"e","e",1
172,"Neg",2,"f","e",0
172,"Neg",2,"g","g",1
172,"Neg",2,"h","h",1
172,"Neg",2,"i","i",1
172,"Neg",3,"a","a",1
172,"Neg",3,"b","b",1
172,"Neg",3,"c","c",1
172,"Neg",3,"d","d",1
172,"Neg",3,"e","e",1
172,"Neg",3,"f","f",1
172,"Neg",3,"g","e",0
172,"Neg",3,"h","h",1
172,"Neg",3,"i","i",1
172,"Neg",4,"a","a",1
172,"Neg",4,"b","b",1
172,"Neg",4,"c","c",1
172,"Neg",4,"d","e",0
172,"Neg",4,"e","f",0
172,"Neg",4,"f","e",0
172,"Neg",4,"g","f",0
172,"Neg",4,"h","g",0
172,"Neg",4,"i","i",1
172,"Neg",5,"a","a",1
172,"Neg",5,"b","c",0
172,"Neg",5,"c","c",1
172,"Neg",5,"d","d",1
172,"Neg",5,"e","d",0
172,"Neg",5,"f","f",1
172,"Neg",5,"g","g",1
172,"Neg",5,"h","h",1
172,"Neg",5,"i","i",1
172,"Neg",6,"a","b",0
172,"Neg",6,"b","b",1
172,"Neg",6,"c","c",1
172,"Neg",6,"d","d",1
172,"Neg",6,"e","e",1
172,"Neg",6,"f","f",1
172,"Neg",6,"g","f",0
172,"Neg",6,"h","h",1
172,"Neg",6,"i","i",1
172,"Neg",7,"a","a",1
172,"Neg",7,"b","b",1
172,"Neg",7,"c","c",1
172,"Neg",7,"d","d",1
172,"Neg",7,"e","e",1
172,"Neg",7,"f","f",1
172,"Neg",7,"g","f",0
172,"Neg",7,"h","h",1
172,"Neg",7,"i","i",1
172,"Neg",8,"a","a",1
172,"Neg",8,"b","b",1
172,"Neg",8,"c","c",1
172,"Neg",8,"d","d",1
172,"Neg",8,"e","e",1
172,"Neg",8,"f","f",1
172,"Neg",8,"g","f",0
172,"Neg",8,"h","h",1
172,"Neg",8,"i","i",1
173,"Pos",1,"a","a",1
173,"Pos",1,"b","a",0
173,"Pos",1,"c","a",0
173,"Pos",1,"d","c",0
173,"Pos",1,"e","d",0
173,"Pos",1,"f","c",0
173,"Pos",1,"g","b",0
173,"Pos",1,"h","g",0
173,"Pos",1,"i","i",1
173,"Pos",2,"a","a",1
173,"Pos",2,"b","c",0
173,"Pos",2,"c","c",1
173,"Pos",2,"d","c",0
173,"Pos",2,"e","c",0
173,"Pos",2,"f","e",0
173,"Pos",2,"g","h",0
173,"Pos",2,"h","b",0
173,"Pos",2,"i","i",1
173,"Pos",3,"a","a",1
173,"Pos",3,"b","a",0
173,"Pos",3,"c","e",0
173,"Pos",3,"d","d",1
173,"Pos",3,"e","c",0
173,"Pos",3,"f","d",0
173,"Pos",3,"g","g",1
173,"Pos",3,"h","g",0
173,"Pos",3,"i","i",1
173,"Pos",4,"a","a",1
173,"Pos",4,"b","b",1
173,"Pos",4,"c","b",0
173,"Pos",4,"d","c",0
173,"Pos",4,"e","g",0
173,"Pos",4,"f","g",0
173,"Pos",4,"g","e",0
173,"Pos",4,"h","h",1
173,"Pos",4,"i","i",1
173,"Pos",5,"a","a",1
173,"Pos",5,"b","a",0
173,"Pos",5,"c","c",1
173,"Pos",5,"d","d",1
173,"Pos",5,"e","e",1
173,"Pos",5,"f","d",0
173,"Pos",5,"g","g",1
173,"Pos",5,"h","h",1
173,"Pos",5,"i","i",1
173,"Pos",6,"a","a",1
173,"Pos",6,"b","b",1
173,"Pos",6,"c","c",1
173,"Pos",6,"d","c",0
173,"Pos",6,"e","e",1
173,"Pos",6,"f","d",0
173,"Pos",6,"g","g",1
173,"Pos",6,"h","h",1
173,"Pos",6,"i","i",1
173,"Pos",7,"a","a",1
173,"Pos",7,"b","a",0
173,"Pos",7,"c","c",1
173,"Pos",7,"d","c",0
173,"Pos",7,"e","c",0
173,"Pos",7,"f","c",0
173,"Pos",7,"g","g",1
173,"Pos",7,"h","h",1
173,"Pos",7,"i","i",1
173,"Pos",8,"a","a",1
173,"Pos",8,"b","b",1
173,"Pos",8,"c","c",1
173,"Pos",8,"d","d",1
173,"Pos",8,"e","c",0
173,"Pos",8,"f","d",0
173,"Pos",8,"g","e",0
173,"Pos",8,"h","g",0
173,"Pos",8,"i","i",1
174,"Pos",1,"a","c",0
174,"Pos",1,"b","a",0
174,"Pos",1,"c","a",0
174,"Pos",1,"d","e",0
174,"Pos",1,"e","e",1
174,"Pos",1,"f","d",0
174,"Pos",1,"g","e",0
174,"Pos",1,"h","i",0
174,"Pos",1,"i","i",1
174,"Pos",2,"a","e",0
174,"Pos",2,"b","a",0
174,"Pos",2,"c","e",0
174,"Pos",2,"d","c",0
174,"Pos",2,"e","e",1
174,"Pos",2,"f","h",0
174,"Pos",2,"g","g",1
174,"Pos",2,"h","g",0
174,"Pos",2,"i","g",0
174,"Pos",3,"a","e",0
174,"Pos",3,"b","e",0
174,"Pos",3,"c","c",1
174,"Pos",3,"d","d",1
174,"Pos",3,"e","e",1
174,"Pos",3,"f","e",0
174,"Pos",3,"g","d",0
174,"Pos",3,"h","g",0
174,"Pos",3,"i","i",1
174,"Pos",4,"a","a",1
174,"Pos",4,"b","a",0
174,"Pos",4,"c","a",0
174,"Pos",4,"d","e",0
174,"Pos",4,"e","g",0
174,"Pos",4,"f","d",0
174,"Pos",4,"g","g",1
174,"Pos",4,"h","g",0
174,"Pos",4,"i","h",0
174,"Pos",5,"a","a",1
174,"Pos",5,"b","e",0
174,"Pos",5,"c","d",0
174,"Pos",5,"d","d",1
174,"Pos",5,"e","c",0
174,"Pos",5,"f","g",0
174,"Pos",5,"g","e",0
174,"Pos",5,"h","h",1
174,"Pos",5,"i","i",1
174,"Pos",6,"a","a",1
174,"Pos",6,"b","c",0
174,"Pos",6,"c","d",0
174,"Pos",6,"d","d",1
174,"Pos",6,"e","d",0
174,"Pos",6,"f","b",0
174,"Pos",6,"g","f",0
174,"Pos",6,"h","d",0
174,"Pos",6,"i","i",1
174,"Pos",7,"a","a",1
174,"Pos",7,"b","e",0
174,"Pos",7,"c","c",1
174,"Pos",7,"d","d",1
174,"Pos",7,"e","c",0
174,"Pos",7,"f","d",0
174,"Pos",7,"g","d",0
174,"Pos",7,"h","d",0
174,"Pos",7,"i","i",1
174,"Pos",8,"a","a",1
174,"Pos",8,"b","e",0
174,"Pos",8,"c","e",0
174,"Pos",8,"d","e",0
174,"Pos",8,"e","d",0
174,"Pos",8,"f","g",0
174,"Pos",8,"g","g",1
174,"Pos",8,"h","g",0
174,"Pos",8,"i","i",1
175,"Neg",1,"a","a",1
175,"Neg",1,"b","a",0
175,"Neg",1,"c","b",0
175,"Neg",1,"d","b",0
175,"Neg",1,"e","d",0
175,"Neg",1,"f","c",0
175,"Neg",1,"g","e",0
175,"Neg",1,"h","g",0
175,"Neg",1,"i","h",0
175,"Neg",2,"a","a",1
175,"Neg",2,"b","b",1
175,"Neg",2,"c","b",0
175,"Neg",2,"d","d",1
175,"Neg",2,"e","c",0
175,"Neg",2,"f","f",1
175,"Neg",2,"g","f",0
175,"Neg",2,"h","g",0
175,"Neg",2,"i","i",1
175,"Neg",3,"a","a",1
175,"Neg",3,"b","b",1
175,"Neg",3,"c","c",1
175,"Neg",3,"d","f",0
175,"Neg",3,"e","d",0
175,"Neg",3,"f","e",0
175,"Neg",3,"g","f",0
175,"Neg",3,"h","h",1
175,"Neg",3,"i","i",1
175,"Neg",4,"a","a",1
175,"Neg",4,"b","b",1
175,"Neg",4,"c","b",0
175,"Neg",4,"d","d",1
175,"Neg",4,"e","f",0
175,"Neg",4,"f","d",0
175,"Neg",4,"g","g",1
175,"Neg",4,"h","g",0
175,"Neg",4,"i","i",1
175,"Neg",5,"a","a",1
175,"Neg",5,"b","b",1
175,"Neg",5,"c","d",0
175,"Neg",5,"d","d",1
175,"Neg",5,"e","e",1
175,"Neg",5,"f","g",0
175,"Neg",5,"g","g",1
175,"Neg",5,"h","h",1
175,"Neg",5,"i","i",1
175,"Neg",6,"a","a",1
175,"Neg",6,"b","b",1
175,"Neg",6,"c","c",1
175,"Neg",6,"d","f",0
175,"Neg",6,"e","e",1
175,"Neg",6,"f","f",1
175,"Neg",6,"g","g",1
175,"Neg",6,"h","g",0
175,"Neg",6,"i","i",1
175,"Neg",7,"a","a",1
175,"Neg",7,"b","a",0
175,"Neg",7,"c","c",1
175,"Neg",7,"d","e",0
175,"Neg",7,"e","e",1
175,"Neg",7,"f","f",1
175,"Neg",7,"g","g",1
175,"Neg",7,"h","g",0
175,"Neg",7,"i","i",1
175,"Neg",8,"a","a",1
175,"Neg",8,"b","b",1
175,"Neg",8,"c","c",1
175,"Neg",8,"d","d",1
175,"Neg",8,"e","g",0
175,"Neg",8,"f","e",0
175,"Neg",8,"g","g",1
175,"Neg",8,"h","h",1
175,"Neg",8,"i","i",1
176,"Neg",1,"a","a",1
176,"Neg",1,"b","a",0
176,"Neg",1,"c","a",0
176,"Neg",1,"d","c",0
176,"Neg",1,"e","g",0
176,"Neg",1,"f","c",0
176,"Neg",1,"g","i",0
176,"Neg",1,"h","i",0
176,"Neg",1,"i","h",0
176,"Neg",2,"a","a",1
176,"Neg",2,"b","b",1
176,"Neg",2,"c","c",1
176,"Neg",2,"d","d",1
176,"Neg",2,"e","d",0
176,"Neg",2,"f","f",1
176,"Neg",2,"g","h",0
176,"Neg",2,"h","h",1
176,"Neg",2,"i","i",1
176,"Neg",3,"a","a",1
176,"Neg",3,"b","b",1
176,"Neg",3,"c","e",0
176,"Neg",3,"d","c",0
176,"Neg",3,"e","d",0
176,"Neg",3,"f","f",1
176,"Neg",3,"g","h",0
176,"Neg",3,"h","h",1
176,"Neg",3,"i","i",1
176,"Neg",4,"a","a",1
176,"Neg",4,"b","b",1
176,"Neg",4,"c","d",0
176,"Neg",4,"d","d",1
176,"Neg",4,"e","e",1
176,"Neg",4,"f","d",0
176,"Neg",4,"g","f",0
176,"Neg",4,"h","h",1
176,"Neg",4,"i","i",1
176,"Neg",5,"a","a",1
176,"Neg",5,"b","b",1
176,"Neg",5,"c","c",1
176,"Neg",5,"d","c",0
176,"Neg",5,"e","f",0
176,"Neg",5,"f","h",0
176,"Neg",5,"g","g",1
176,"Neg",5,"h","g",0
176,"Neg",5,"i","i",1
176,"Neg",6,"a","a",1
176,"Neg",6,"b","b",1
176,"Neg",6,"c","c",1
176,"Neg",6,"d","d",1
176,"Neg",6,"e","h",0
176,"Neg",6,"f","g",0
176,"Neg",6,"g","g",1
176,"Neg",6,"h","h",1
176,"Neg",6,"i","i",1
176,"Neg",7,"a","a",1
176,"Neg",7,"b","b",1
176,"Neg",7,"c","c",1
176,"Neg",7,"d","c",0
176,"Neg",7,"e","f",0
176,"Neg",7,"f","h",0
176,"Neg",7,"g","g",1
176,"Neg",7,"h","i",0
176,"Neg",7,"i","i",1
176,"Neg",8,"a","a",1
176,"Neg",8,"b","b",1
176,"Neg",8,"c","c",1
176,"Neg",8,"d","e",0
176,"Neg",8,"e","f",0
176,"Neg",8,"f","e",0
176,"Neg",8,"g","g",1
176,"Neg",8,"h","h",1
176,"Neg",8,"i","i",1
177,"Pos",1,"a","a",1
177,"Pos",1,"b","b",1
177,"Pos",1,"c","c",1
177,"Pos",1,"d","d",1
177,"Pos",1,"e","e",1
177,"Pos",1,"f","f",1
177,"Pos",1,"g","f",0
177,"Pos",1,"h","h",1
177,"Pos",1,"i","i",1
177,"Pos",2,"a","a",1
177,"Pos",2,"b","b",1
177,"Pos",2,"c","c",1
177,"Pos",2,"d","d",1
177,"Pos",2,"e","g",0
177,"Pos",2,"f","g",0
177,"Pos",2,"g","g",1
177,"Pos",2,"h","i",0
177,"Pos",2,"i","i",1
177,"Pos",3,"a","a",1
177,"Pos",3,"b","b",1
177,"Pos",3,"c","b",0
177,"Pos",3,"d","d",1
177,"Pos",3,"e","d",0
177,"Pos",3,"f","g",0
177,"Pos",3,"g","f",0
177,"Pos",3,"h","h",1
177,"Pos",3,"i","i",1
177,"Pos",4,"a","a",1
177,"Pos",4,"b","b",1
177,"Pos",4,"c","c",1
177,"Pos",4,"d","d",1
177,"Pos",4,"e","e",1
177,"Pos",4,"f","f",1
177,"Pos",4,"g","h",0
177,"Pos",4,"h","h",1
177,"Pos",4,"i","i",1
177,"Pos",5,"a","a",1
177,"Pos",5,"b","b",1
177,"Pos",5,"c","c",1
177,"Pos",5,"d","d",1
177,"Pos",5,"e","e",1
177,"Pos",5,"f","e",0
177,"Pos",5,"g","f",0
177,"Pos",5,"h","h",1
177,"Pos",5,"i","i",1
177,"Pos",6,"a","a",1
177,"Pos",6,"b","b",1
177,"Pos",6,"c","c",1
177,"Pos",6,"d","c",0
177,"Pos",6,"e","e",1
177,"Pos",6,"f","e",0
177,"Pos",6,"g","g",1
177,"Pos",6,"h","h",1
177,"Pos",6,"i","i",1
177,"Pos",7,"a","a",1
177,"Pos",7,"b","b",1
177,"Pos",7,"c","c",1
177,"Pos",7,"d","d",1
177,"Pos",7,"e","e",1
177,"Pos",7,"f","e",0
177,"Pos",7,"g","g",1
177,"Pos",7,"h","h",1
177,"Pos",7,"i","i",1
177,"Pos",8,"a","a",1
177,"Pos",8,"b","b",1
177,"Pos",8,"c","c",1
177,"Pos",8,"d","d",1
177,"Pos",8,"e","d",0
177,"Pos",8,"f","e",0
177,"Pos",8,"g","g",1
177,"Pos",8,"h","h",1
177,"Pos",8,"i","i",1
178,"Pos",1,"a","a",1
178,"Pos",1,"b","c",0
178,"Pos",1,"c","c",1
178,"Pos",1,"d","d",1
178,"Pos",1,"e","d",0
178,"Pos",1,"f","d",0
178,"Pos",1,"g","f",0
178,"Pos",1,"h","h",1
178,"Pos",1,"i","i",1
178,"Pos",2,"a","a",1
178,"Pos",2,"b","a",0
178,"Pos",2,"c","c",1
178,"Pos",2,"d","d",1
178,"Pos",2,"e","f",0
178,"Pos",2,"f","e",0
178,"Pos",2,"g","f",0
178,"Pos",2,"h","h",1
178,"Pos",2,"i","i",1
178,"Pos",3,"a","a",1
178,"Pos",3,"b","b",1
178,"Pos",3,"c","c",1
178,"Pos",3,"d","e",0
178,"Pos",3,"e","d",0
178,"Pos",3,"f","e",0
178,"Pos",3,"g","f",0
178,"Pos",3,"h","h",1
178,"Pos",3,"i","i",1
178,"Pos",4,"a","a",1
178,"Pos",4,"b","b",1
178,"Pos",4,"c","c",1
178,"Pos",4,"d","d",1
178,"Pos",4,"e","e",1
178,"Pos",4,"f","f",1
178,"Pos",4,"g","g",1
178,"Pos",4,"h","h",1
178,"Pos",4,"i","i",1
178,"Pos",5,"a","a",1
178,"Pos",5,"b","b",1
178,"Pos",5,"c","c",1
178,"Pos",5,"d","d",1
178,"Pos",5,"e","d",0
178,"Pos",5,"f","f",1
178,"Pos",5,"g","g",1
178,"Pos",5,"h","h",1
178,"Pos",5,"i","i",1
178,"Pos",6,"a","a",1
178,"Pos",6,"b","b",1
178,"Pos",6,"c","c",1
178,"Pos",6,"d","e",0
178,"Pos",6,"e","e",1
178,"Pos",6,"f","f",1
178,"Pos",6,"g","g",1
178,"Pos",6,"h","h",1
178,"Pos",6,"i","i",1
178,"Pos",7,"a","a",1
178,"Pos",7,"b","b",1
178,"Pos",7,"c","d",0
178,"Pos",7,"d","d",1
178,"Pos",7,"e","e",1
178,"Pos",7,"f","g",0
178,"Pos",7,"g","g",1
178,"Pos",7,"h","h",1
178,"Pos",7,"i","i",1
178,"Pos",8,"a","a",1
178,"Pos",8,"b","b",1
178,"Pos",8,"c","c",1
178,"Pos",8,"d","d",1
178,"Pos",8,"e","f",0
178,"Pos",8,"f","e",0
178,"Pos",8,"g","g",1
178,"Pos",8,"h","h",1
178,"Pos",8,"i","i",1
179,"Neg",1,"a","a",1
179,"Neg",1,"b","a",0
179,"Neg",1,"c","c",1
179,"Neg",1,"d","b",0
179,"Neg",1,"e","e",1
179,"Neg",1,"f","c",0
179,"Neg",1,"g","g",1
179,"Neg",1,"h","f",0
179,"Neg",1,"i","h",0
179,"Neg",2,"a","a",1
179,"Neg",2,"b","a",0
179,"Neg",2,"c","e",0
179,"Neg",2,"d","d",1
179,"Neg",2,"e","d",0
179,"Neg",2,"f","f",1
179,"Neg",2,"g","g",1
179,"Neg",2,"h","g",0
179,"Neg",2,"i","i",1
179,"Neg",3,"a","a",1
179,"Neg",3,"b","b",1
179,"Neg",3,"c","d",0
179,"Neg",3,"d","c",0
179,"Neg",3,"e","f",0
179,"Neg",3,"f","f",1
179,"Neg",3,"g","f",0
179,"Neg",3,"h","h",1
179,"Neg",3,"i","i",1
179,"Neg",4,"a","a",1
179,"Neg",4,"b","a",0
179,"Neg",4,"c","c",1
179,"Neg",4,"d","d",1
179,"Neg",4,"e","e",1
179,"Neg",4,"f","f",1
179,"Neg",4,"g","f",0
179,"Neg",4,"h","g",0
179,"Neg",4,"i","i",1
179,"Neg",5,"a","a",1
179,"Neg",5,"b","a",0
179,"Neg",5,"c","d",0
179,"Neg",5,"d","e",0
179,"Neg",5,"e","e",1
179,"Neg",5,"f","f",1
179,"Neg",5,"g","g",1
179,"Neg",5,"h","h",1
179,"Neg",5,"i","i",1
179,"Neg",6,"a","a",1
179,"Neg",6,"b","a",0
179,"Neg",6,"c","c",1
179,"Neg",6,"d","d",1
179,"Neg",6,"e","e",1
179,"Neg",6,"f","e",0
179,"Neg",6,"g","g",1
179,"Neg",6,"h","g",0
179,"Neg",6,"i","i",1
179,"Neg",7,"a","a",1
179,"Neg",7,"b","c",0
179,"Neg",7,"c","c",1
179,"Neg",7,"d","d",1
179,"Neg",7,"e","e",1
179,"Neg",7,"f","f",1
179,"Neg",7,"g","f",0
179,"Neg",7,"h","g",0
179,"Neg",7,"i","i",1
179,"Neg",8,"a","a",1
179,"Neg",8,"b","b",1
179,"Neg",8,"c","c",1
179,"Neg",8,"d","d",1
179,"Neg",8,"e","f",0
179,"Neg",8,"f","g",0
179,"Neg",8,"g","g",1
179,"Neg",8,"h","h",1
179,"Neg",8,"i","i",1
180,"Neg",1,"a","a",1
180,"Neg",1,"b","a",0
180,"Neg",1,"c","b",0
180,"Neg",1,"d","b",0
180,"Neg",1,"e","c",0
180,"Neg",1,"f","c",0
180,"Neg",1,"g","h",0
180,"Neg",1,"h","h",1
180,"Neg",1,"i","i",1
180,"Neg",2,"a","a",1
180,"Neg",2,"b","b",1
180,"Neg",2,"c","b",0
180,"Neg",2,"d","b",0
180,"Neg",2,"e","c",0
180,"Neg",2,"f","f",1
180,"Neg",2,"g","d",0
180,"Neg",2,"h","g",0
180,"Neg",2,"i","i",1
180,"Neg",3,"a","a",1
180,"Neg",3,"b","b",1
180,"Neg",3,"c","b",0
180,"Neg",3,"d","c",0
180,"Neg",3,"e","e",1
180,"Neg",3,"f","f",1
180,"Neg",3,"g","g",1
180,"Neg",3,"h","i",0
180,"Neg",3,"i","i",1
180,"Neg",4,"a","a",1
180,"Neg",4,"b","b",1
180,"Neg",4,"c","c",1
180,"Neg",4,"d","b",0
180,"Neg",4,"e","e",1
180,"Neg",4,"f","f",1
180,"Neg",4,"g","f",0
180,"Neg",4,"h","h",1
180,"Neg",4,"i","i",1
180,"Neg",5,"a","a",1
180,"Neg",5,"b","b",1
180,"Neg",5,"c","c",1
180,"Neg",5,"d","c",0
180,"Neg",5,"e","c",0
180,"Neg",5,"f","d",0
180,"Neg",5,"g","f",0
180,"Neg",5,"h","h",1
180,"Neg",5,"i","i",1
180,"Neg",6,"a","a",1
180,"Neg",6,"b","b",1
180,"Neg",6,"c","b",0
180,"Neg",6,"d","b",0
180,"Neg",6,"e","d",0
180,"Neg",6,"f","g",0
180,"Neg",6,"g","f",0
180,"Neg",6,"h","h",1
180,"Neg",6,"i","i",1
180,"Neg",7,"a","a",1
180,"Neg",7,"b","b",1
180,"Neg",7,"c","c",1
180,"Neg",7,"d","c",0
180,"Neg",7,"e","c",0
180,"Neg",7,"f","d",0
180,"Neg",7,"g","g",1
180,"Neg",7,"h","h",1
180,"Neg",7,"i","i",1
180,"Neg",8,"a","a",1
180,"Neg",8,"b","a",0
180,"Neg",8,"c","b",0
180,"Neg",8,"d","b",0
180,"Neg",8,"e","d",0
180,"Neg",8,"f","g",0
180,"Neg",8,"g","d",0
180,"Neg",8,"h","g",0
180,"Neg",8,"i","i",1
181,"Pos",1,"a","a",1
181,"Pos",1,"b","a",0
181,"Pos",1,"c","d",0
181,"Pos",1,"d","e",0
181,"Pos",1,"e","e",1
181,"Pos",1,"f","f",1
181,"Pos",1,"g","h",0
181,"Pos",1,"h","i",0
181,"Pos",1,"i","i",1
181,"Pos",2,"a","a",1
181,"Pos",2,"b","c",0
181,"Pos",2,"c","c",1
181,"Pos",2,"d","d",1
181,"Pos",2,"e","d",0
181,"Pos",2,"f","g",0
181,"Pos",2,"g","g",1
181,"Pos",2,"h","h",1
181,"Pos",2,"i","i",1
181,"Pos",3,"a","a",1
181,"Pos",3,"b","a",0
181,"Pos",3,"c","c",1
181,"Pos",3,"d","c",0
181,"Pos",3,"e","d",0
181,"Pos",3,"f","e",0
181,"Pos",3,"g","e",0
181,"Pos",3,"h","g",0
181,"Pos",3,"i","h",0
181,"Pos",4,"a","a",1
181,"Pos",4,"b","a",0
181,"Pos",4,"c","c",1
181,"Pos",4,"d","b",0
181,"Pos",4,"e","d",0
181,"Pos",4,"f","e",0
181,"Pos",4,"g","e",0
181,"Pos",4,"h","g",0
181,"Pos",4,"i","h",0
181,"Pos",5,"a","a",1
181,"Pos",5,"b","b",1
181,"Pos",5,"c","d",0
181,"Pos",5,"d","c",0
181,"Pos",5,"e","d",0
181,"Pos",5,"f","g",0
181,"Pos",5,"g","f",0
181,"Pos",5,"h","g",0
181,"Pos",5,"i","h",0
181,"Pos",6,"a","a",1
181,"Pos",6,"b","a",0
181,"Pos",6,"c","d",0
181,"Pos",6,"d","d",1
181,"Pos",6,"e","f",0
181,"Pos",6,"f","e",0
181,"Pos",6,"g","g",1
181,"Pos",6,"h","g",0
181,"Pos",6,"i","h",0
181,"Pos",7,"a","a",1
181,"Pos",7,"b","b",1
181,"Pos",7,"c","b",0
181,"Pos",7,"d","c",0
181,"Pos",7,"e","e",1
181,"Pos",7,"f","f",1
181,"Pos",7,"g","e",0
181,"Pos",7,"h","h",1
181,"Pos",7,"i","i",1
181,"Pos",8,"a","a",1
181,"Pos",8,"b","b",1
181,"Pos",8,"c","f",0
181,"Pos",8,"d","d",1
181,"Pos",8,"e","d",0
181,"Pos",8,"f","d",0
181,"Pos",8,"g","g",1
181,"Pos",8,"h","h",1
181,"Pos",8,"i","g",0
182,"Pos",1,"a","a",1
182,"Pos",1,"b","a",0
182,"Pos",1,"c","c",1
182,"Pos",1,"d","c",0
182,"Pos",1,"e","d",0
182,"Pos",1,"f","e",0
182,"Pos",1,"g","g",1
182,"Pos",1,"h","h",1
182,"Pos",1,"i","i",1
182,"Pos",2,"a","a",1
182,"Pos",2,"b","b",1
182,"Pos",2,"c","c",1
182,"Pos",2,"d","d",1
182,"Pos",2,"e","d",0
182,"Pos",2,"f","d",0
182,"Pos",2,"g","g",1
182,"Pos",2,"h","g",0
182,"Pos",2,"i","i",1
182,"Pos",3,"a","a",1
182,"Pos",3,"b","a",0
182,"Pos",3,"c","b",0
182,"Pos",3,"d","c",0
182,"Pos",3,"e","e",1
182,"Pos",3,"f","e",0
182,"Pos",3,"g","e",0
182,"Pos",3,"h","g",0
182,"Pos",3,"i","i",1
182,"Pos",4,"a","a",1
182,"Pos",4,"b","b",1
182,"Pos",4,"c","c",1
182,"Pos",4,"d","d",1
182,"Pos",4,"e","d",0
182,"Pos",4,"f","d",0
182,"Pos",4,"g","e",0
182,"Pos",4,"h","h",1
182,"Pos",4,"i","i",1
182,"Pos",5,"a","a",1
182,"Pos",5,"b","b",1
182,"Pos",5,"c","d",0
182,"Pos",5,"d","c",0
182,"Pos",5,"e","c",0
182,"Pos",5,"f","e",0
182,"Pos",5,"g","f",0
182,"Pos",5,"h","g",0
182,"Pos",5,"i","i",1
182,"Pos",6,"a","a",1
182,"Pos",6,"b","b",1
182,"Pos",6,"c","c",1
182,"Pos",6,"d","d",1
182,"Pos",6,"e","d",0
182,"Pos",6,"f","g",0
182,"Pos",6,"g","g",1
182,"Pos",6,"h","h",1
182,"Pos",6,"i","i",1
182,"Pos",7,"a","a",1
182,"Pos",7,"b","b",1
182,"Pos",7,"c","c",1
182,"Pos",7,"d","d",1
182,"Pos",7,"e","c",0
182,"Pos",7,"f","e",0
182,"Pos",7,"g","f",0
182,"Pos",7,"h","h",1
182,"Pos",7,"i","i",1
182,"Pos",8,"a","a",1
182,"Pos",8,"b","b",1
182,"Pos",8,"c","c",1
182,"Pos",8,"d","e",0
182,"Pos",8,"e","e",1
182,"Pos",8,"f","e",0
182,"Pos",8,"g","f",0
182,"Pos",8,"h","h",1
182,"Pos",8,"i","i",1
183,"Neg",1,"a","a",1
183,"Neg",1,"b","b",1
183,"Neg",1,"c","b",0
183,"Neg",1,"d","d",1
183,"Neg",1,"e","e",1
183,"Neg",1,"f","f",1
183,"Neg",1,"g","d",0
183,"Neg",1,"h","f",0
183,"Neg",1,"i","i",1
183,"Neg",2,"a","a",1
183,"Neg",2,"b","c",0
183,"Neg",2,"c","c",1
183,"Neg",2,"d","f",0
183,"Neg",2,"e","d",0
183,"Neg",2,"f","d",0
183,"Neg",2,"g","g",1
183,"Neg",2,"h","g",0
183,"Neg",2,"i","h",0
183,"Neg",3,"a","a",1
183,"Neg",3,"b","b",1
183,"Neg",3,"c","d",0
183,"Neg",3,"d","d",1
183,"Neg",3,"e","f",0
183,"Neg",3,"f","g",0
183,"Neg",3,"g","f",0
183,"Neg",3,"h","f",0
183,"Neg",3,"i","i",1
183,"Neg",4,"a","a",1
183,"Neg",4,"b","b",1
183,"Neg",4,"c","c",1
183,"Neg",4,"d","e",0
183,"Neg",4,"e","e",1
183,"Neg",4,"f","f",1
183,"Neg",4,"g","g",1
183,"Neg",4,"h","h",1
183,"Neg",4,"i","i",1
183,"Neg",5,"a","a",1
183,"Neg",5,"b","a",0
183,"Neg",5,"c","c",1
183,"Neg",5,"d","d",1
183,"Neg",5,"e","f",0
183,"Neg",5,"f","f",1
183,"Neg",5,"g","g",1
183,"Neg",5,"h","h",1
183,"Neg",5,"i","i",1
183,"Neg",6,"a","a",1
183,"Neg",6,"b","b",1
183,"Neg",6,"c","c",1
183,"Neg",6,"d","d",1
183,"Neg",6,"e","d",0
183,"Neg",6,"f","f",1
183,"Neg",6,"g","f",0
183,"Neg",6,"h","h",1
183,"Neg",6,"i","i",1
183,"Neg",7,"a","a",1
183,"Neg",7,"b","b",1
183,"Neg",7,"c","c",1
183,"Neg",7,"d","e",0
183,"Neg",7,"e","e",1
183,"Neg",7,"f","g",0
183,"Neg",7,"g","g",1
183,"Neg",7,"h","h",1
183,"Neg",7,"i","i",1
183,"Neg",8,"a","a",1
183,"Neg",8,"b","b",1
183,"Neg",8,"c","c",1
183,"Neg",8,"d","e",0
183,"Neg",8,"e","d",0
183,"Neg",8,"f","e",0
183,"Neg",8,"g","g",1
183,"Neg",8,"h","h",1
183,"Neg",8,"i","i",1
184,"Neg",1,"a","a",1
184,"Neg",1,"b","a",0
184,"Neg",1,"c","b",0
184,"Neg",1,"d","c",0
184,"Neg",1,"e","c",0
184,"Neg",1,"f","d",0
184,"Neg",1,"g","e",0
184,"Neg",1,"h","h",1
184,"Neg",1,"i","i",1
184,"Neg",2,"a","a",1
184,"Neg",2,"b","a",0
184,"Neg",2,"c","c",1
184,"Neg",2,"d","e",0
184,"Neg",2,"e","f",0
184,"Neg",2,"f","g",0
184,"Neg",2,"g","f",0
184,"Neg",2,"h","g",0
184,"Neg",2,"i","i",1
184,"Neg",3,"a","a",1
184,"Neg",3,"b","b",1
184,"Neg",3,"c","c",1
184,"Neg",3,"d","d",1
184,"Neg",3,"e","e",1
184,"Neg",3,"f","e",0
184,"Neg",3,"g","f",0
184,"Neg",3,"h","g",0
184,"Neg",3,"i","i",1
184,"Neg",4,"a","b",0
184,"Neg",4,"b","a",0
184,"Neg",4,"c","c",1
184,"Neg",4,"d","d",1
184,"Neg",4,"e","f",0
184,"Neg",4,"f","f",1
184,"Neg",4,"g","g",1
184,"Neg",4,"h","h",1
184,"Neg",4,"i","i",1
184,"Neg",5,"a","a",1
184,"Neg",5,"b","b",1
184,"Neg",5,"c","c",1
184,"Neg",5,"d","c",0
184,"Neg",5,"e","d",0
184,"Neg",5,"f","d",0
184,"Neg",5,"g","f",0
184,"Neg",5,"h","h",1
184,"Neg",5,"i","i",1
184,"Neg",6,"a","a",1
184,"Neg",6,"b","b",1
184,"Neg",6,"c","e",0
184,"Neg",6,"d","c",0
184,"Neg",6,"e","e",1
184,"Neg",6,"f","g",0
184,"Neg",6,"g","f",0
184,"Neg",6,"h","h",1
184,"Neg",6,"i","i",1
184,"Neg",7,"a","a",1
184,"Neg",7,"b","b",1
184,"Neg",7,"c","c",1
184,"Neg",7,"d","d",1
184,"Neg",7,"e","e",1
184,"Neg",7,"f","e",0
184,"Neg",7,"g","g",1
184,"Neg",7,"h","h",1
184,"Neg",7,"i","i",1
184,"Neg",8,"a","a",1
184,"Neg",8,"b","b",1
184,"Neg",8,"c","c",1
184,"Neg",8,"d","d",1
184,"Neg",8,"e","e",1
184,"Neg",8,"f","f",1
184,"Neg",8,"g","f",0
184,"Neg",8,"h","h",1
184,"Neg",8,"i","i",1
185,"Pos",1,"a","a",1
185,"Pos",1,"b","i",0
185,"Pos",1,"c","b",0
185,"Pos",1,"d","e",0
185,"Pos",1,"e","g",0
185,"Pos",1,"f","a",0
185,"Pos",1,"g","i",0
185,"Pos",1,"h","i",0
185,"Pos",1,"i","i",1
185,"Pos",2,"a","i",0
185,"Pos",2,"b","a",0
185,"Pos",2,"c","a",0
185,"Pos",2,"d","e",0
185,"Pos",2,"e","b",0
185,"Pos",2,"f","b",0
185,"Pos",2,"g","h",0
185,"Pos",2,"h","i",0
185,"Pos",2,"i","h",0
185,"Pos",3,"a","i",0
185,"Pos",3,"b","c",0
185,"Pos",3,"c","d",0
185,"Pos",3,"d","d",1
185,"Pos",3,"e","f",0
185,"Pos",3,"f","h",0
185,"Pos",3,"g","g",1
185,"Pos",3,"h","i",0
185,"Pos",3,"i","h",0
185,"Pos",4,"a","a",1
185,"Pos",4,"b","a",0
185,"Pos",4,"c","e",0
185,"Pos",4,"d","d",1
185,"Pos",4,"e","f",0
185,"Pos",4,"f","g",0
185,"Pos",4,"g","f",0
185,"Pos",4,"h","h",1
185,"Pos",4,"i","i",1
185,"Pos",5,"a","a",1
185,"Pos",5,"b","c",0
185,"Pos",5,"c","f",0
185,"Pos",5,"d","d",1
185,"Pos",5,"e","f",0
185,"Pos",5,"f","f",1
185,"Pos",5,"g","g",1
185,"Pos",5,"h","h",1
185,"Pos",5,"i","i",1
185,"Pos",6,"a","a",1
185,"Pos",6,"b","f",0
185,"Pos",6,"c","c",1
185,"Pos",6,"d","f",0
185,"Pos",6,"e","g",0
185,"Pos",6,"f","e",0
185,"Pos",6,"g","h",0
185,"Pos",6,"h","i",0
185,"Pos",6,"i","i",1
185,"Pos",7,"a","a",1
185,"Pos",7,"b","b",1
185,"Pos",7,"c","f",0
185,"Pos",7,"d","d",1
185,"Pos",7,"e","d",0
185,"Pos",7,"f","g",0
185,"Pos",7,"g","f",0
185,"Pos",7,"h","i",0
185,"Pos",7,"i","i",1
185,"Pos",8,"a","a",1
185,"Pos",8,"b","b",1
185,"Pos",8,"c","c",1
185,"Pos",8,"d","g",0
185,"Pos",8,"e","d",0
185,"Pos",8,"f","d",0
185,"Pos",8,"g","g",1
185,"Pos",8,"h","h",1
185,"Pos",8,"i","i",1
186,"Pos",1,"a","a",1
186,"Pos",1,"b","b",1
186,"Pos",1,"c","c",1
186,"Pos",1,"d","c",0
186,"Pos",1,"e","d",0
186,"Pos",1,"f","g",0
186,"Pos",1,"g","d",0
186,"Pos",1,"h","i",0
186,"Pos",1,"i","i",1
186,"Pos",2,"a","a",1
186,"Pos",2,"b","a",0
186,"Pos",2,"c","d",0
186,"Pos",2,"d","d",1
186,"Pos",2,"e","d",0
186,"Pos",2,"f","d",0
186,"Pos",2,"g","d",0
186,"Pos",2,"h","i",0
186,"Pos",2,"i","i",1
186,"Pos",3,"a","a",1
186,"Pos",3,"b","b",1
186,"Pos",3,"c","c",1
186,"Pos",3,"d","d",1
186,"Pos",3,"e","d",0
186,"Pos",3,"f","g",0
186,"Pos",3,"g","g",1
186,"Pos",3,"h","i",0
186,"Pos",3,"i","i",1
186,"Pos",4,"a","a",1
186,"Pos",4,"b","b",1
186,"Pos",4,"c","c",1
186,"Pos",4,"d","c",0
186,"Pos",4,"e","d",0
186,"Pos",4,"f","d",0
186,"Pos",4,"g","f",0
186,"Pos",4,"h","h",1
186,"Pos",4,"i","i",1
186,"Pos",5,"a","a",1
186,"Pos",5,"b","a",0
186,"Pos",5,"c","d",0
186,"Pos",5,"d","c",0
186,"Pos",5,"e","c",0
186,"Pos",5,"f","g",0
186,"Pos",5,"g","d",0
186,"Pos",5,"h","h",1
186,"Pos",5,"i","i",1
186,"Pos",6,"a","a",1
186,"Pos",6,"b","b",1
186,"Pos",6,"c","c",1
186,"Pos",6,"d","b",0
186,"Pos",6,"e","d",0
186,"Pos",6,"f","c",0
186,"Pos",6,"g","d",0
186,"Pos",6,"h","h",1
186,"Pos",6,"i","i",1
186,"Pos",7,"a","a",1
186,"Pos",7,"b","a",0
186,"Pos",7,"c","d",0
186,"Pos",7,"d","c",0
186,"Pos",7,"e","d",0
186,"Pos",7,"f","d",0
186,"Pos",7,"g","d",0
186,"Pos",7,"h","d",0
186,"Pos",7,"i","i",1
186,"Pos",8,"a","a",1
186,"Pos",8,"b","d",0
186,"Pos",8,"c","c",1
186,"Pos",8,"d","d",1
186,"Pos",8,"e","d",0
186,"Pos",8,"f","d",0
186,"Pos",8,"g","d",0
186,"Pos",8,"h","d",0
186,"Pos",8,"i","i",1
187,"Neg",1,"a","a",1
187,"Neg",1,"b","b",1
187,"Neg",1,"c","b",0
187,"Neg",1,"d","d",1
187,"Neg",1,"e","d",0
187,"Neg",1,"f","d",0
187,"Neg",1,"g","e",0
187,"Neg",1,"h","d",0
187,"Neg",1,"i","g",0
187,"Neg",2,"a","a",1
187,"Neg",2,"b","b",1
187,"Neg",2,"c","e",0
187,"Neg",2,"d","e",0
187,"Neg",2,"e","e",1
187,"Neg",2,"f","e",0
187,"Neg",2,"g","e",0
187,"Neg",2,"h","h",1
187,"Neg",2,"i","i",1
187,"Neg",3,"a","a",1
187,"Neg",3,"b","a",0
187,"Neg",3,"c","c",1
187,"Neg",3,"d","f",0
187,"Neg",3,"e","d",0
187,"Neg",3,"f","f",1
187,"Neg",3,"g","f",0
187,"Neg",3,"h","h",1
187,"Neg",3,"i","i",1
187,"Neg",4,"a","a",1
187,"Neg",4,"b","b",1
187,"Neg",4,"c","c",1
187,"Neg",4,"d","d",1
187,"Neg",4,"e","e",1
187,"Neg",4,"f","g",0
187,"Neg",4,"g","g",1
187,"Neg",4,"h","h",1
187,"Neg",4,"i","i",1
187,"Neg",5,"a","a",1
187,"Neg",5,"b","b",1
187,"Neg",5,"c","c",1
187,"Neg",5,"d","d",1
187,"Neg",5,"e","f",0
187,"Neg",5,"f","f",1
187,"Neg",5,"g","f",0
187,"Neg",5,"h","h",1
187,"Neg",5,"i","i",1
187,"Neg",6,"a","a",1
187,"Neg",6,"b","b",1
187,"Neg",6,"c","c",1
187,"Neg",6,"d","d",1
187,"Neg",6,"e","e",1
187,"Neg",6,"f","f",1
187,"Neg",6,"g","g",1
187,"Neg",6,"h","g",0
187,"Neg",6,"i","i",1
187,"Neg",7,"a","a",1
187,"Neg",7,"b","b",1
187,"Neg",7,"c","c",1
187,"Neg",7,"d","d",1
187,"Neg",7,"e","e",1
187,"Neg",7,"f","f",1
187,"Neg",7,"g","f",0
187,"Neg",7,"h","h",1
187,"Neg",7,"i","i",1
187,"Neg",8,"a","a",1
187,"Neg",8,"b","b",1
187,"Neg",8,"c","c",1
187,"Neg",8,"d","e",0
187,"Neg",8,"e","g",0
187,"Neg",8,"f","f",1
187,"Neg",8,"g","g",1
187,"Neg",8,"h","h",1
187,"Neg",8,"i","i",1
188,"Neg",1,"a","a",1
188,"Neg",1,"b","a",0
188,"Neg",1,"c","b",0
188,"Neg",1,"d","b",0
188,"Neg",1,"e","b",0
188,"Neg",1,"f","e",0
188,"Neg",1,"g","e",0
188,"Neg",1,"h","g",0
188,"Neg",1,"i","h",0
188,"Neg",2,"a","a",1
188,"Neg",2,"b","a",0
188,"Neg",2,"c","c",1
188,"Neg",2,"d","d",1
188,"Neg",2,"e","d",0
188,"Neg",2,"f","f",1
188,"Neg",2,"g","g",1
188,"Neg",2,"h","h",1
188,"Neg",2,"i","i",1
188,"Neg",3,"a","a",1
188,"Neg",3,"b","b",1
188,"Neg",3,"c","d",0
188,"Neg",3,"d","d",1
188,"Neg",3,"e","e",1
188,"Neg",3,"f","f",1
188,"Neg",3,"g","f",0
188,"Neg",3,"h","h",1
188,"Neg",3,"i","i",1
188,"Neg",4,"a","a",1
188,"Neg",4,"b","c",0
188,"Neg",4,"c","f",0
188,"Neg",4,"d","f",0
188,"Neg",4,"e","d",0
188,"Neg",4,"f","f",1
188,"Neg",4,"g","g",1
188,"Neg",4,"h","h",1
188,"Neg",4,"i","i",1
188,"Neg",5,"a","a",1
188,"Neg",5,"b","b",1
188,"Neg",5,"c","d",0
188,"Neg",5,"d","d",1
188,"Neg",5,"e","d",0
188,"Neg",5,"f","f",1
188,"Neg",5,"g","f",0
188,"Neg",5,"h","g",0
188,"Neg",5,"i","h",0
188,"Neg",6,"a","a",1
188,"Neg",6,"b","b",1
188,"Neg",6,"c","c",1
188,"Neg",6,"d","e",0
188,"Neg",6,"e","f",0
188,"Neg",6,"f","g",0
188,"Neg",6,"g","e",0
188,"Neg",6,"h","h",1
188,"Neg",6,"i","i",1
188,"Neg",7,"a","a",1
188,"Neg",7,"b","b",1
188,"Neg",7,"c","c",1
188,"Neg",7,"d","d",1
188,"Neg",7,"e","d",0
188,"Neg",7,"f","e",0
188,"Neg",7,"g","f",0
188,"Neg",7,"h","g",0
188,"Neg",7,"i","i",1
188,"Neg",8,"a","a",1
188,"Neg",8,"b","b",1
188,"Neg",8,"c","c",1
188,"Neg",8,"d","e",0
188,"Neg",8,"e","e",1
188,"Neg",8,"f","e",0
188,"Neg",8,"g","f",0
188,"Neg",8,"h","b",0
188,"Neg",8,"i","i",1
189,"Pos",1,"a","a",1
189,"Pos",1,"b","a",0
189,"Pos",1,"c","c",1
189,"Pos",1,"d","c",0
189,"Pos",1,"e","e",1
189,"Pos",1,"f","e",0
189,"Pos",1,"g","e",0
189,"Pos",1,"h","h",1
189,"Pos",1,"i","i",1
189,"Pos",2,"a","a",1
189,"Pos",2,"b","a",0
189,"Pos",2,"c","c",1
189,"Pos",2,"d","d",1
189,"Pos",2,"e","e",1
189,"Pos",2,"f","f",1
189,"Pos",2,"g","e",0
189,"Pos",2,"h","h",1
189,"Pos",2,"i","i",1
189,"Pos",3,"a","a",1
189,"Pos",3,"b","b",1
189,"Pos",3,"c","b",0
189,"Pos",3,"d","b",0
189,"Pos",3,"e","c",0
189,"Pos",3,"f","e",0
189,"Pos",3,"g","e",0
189,"Pos",3,"h","e",0
189,"Pos",3,"i","i",1
189,"Pos",4,"a","a",1
189,"Pos",4,"b","b",1
189,"Pos",4,"c","c",1
189,"Pos",4,"d","c",0
189,"Pos",4,"e","e",1
189,"Pos",4,"f","e",0
189,"Pos",4,"g","f",0
189,"Pos",4,"h","h",1
189,"Pos",4,"i","i",1
189,"Pos",5,"a","a",1
189,"Pos",5,"b","b",1
189,"Pos",5,"c","c",1
189,"Pos",5,"d","c",0
189,"Pos",5,"e","c",0
189,"Pos",5,"f","c",0
189,"Pos",5,"g","g",1
189,"Pos",5,"h","f",0
189,"Pos",5,"i","h",0
189,"Pos",6,"a","a",1
189,"Pos",6,"b","b",1
189,"Pos",6,"c","d",0
189,"Pos",6,"d","c",0
189,"Pos",6,"e","d",0
189,"Pos",6,"f","d",0
189,"Pos",6,"g","g",1
189,"Pos",6,"h","f",0
189,"Pos",6,"i","h",0
189,"Pos",7,"a","a",1
189,"Pos",7,"b","b",1
189,"Pos",7,"c","c",1
189,"Pos",7,"d","d",1
189,"Pos",7,"e","c",0
189,"Pos",7,"f","e",0
189,"Pos",7,"g","g",1
189,"Pos",7,"h","f",0
189,"Pos",7,"i","i",1
189,"Pos",8,"a","a",1
189,"Pos",8,"b","b",1
189,"Pos",8,"c","c",1
189,"Pos",8,"d","d",1
189,"Pos",8,"e","e",1
189,"Pos",8,"f","e",0
189,"Pos",8,"g","e",0
189,"Pos",8,"h","g",0
189,"Pos",8,"i","i",1
190,"Pos",1,"a","a",1
190,"Pos",1,"b","a",0
190,"Pos",1,"c","b",0
190,"Pos",1,"d","c",0
190,"Pos",1,"e","e",1
190,"Pos",1,"f","e",0
190,"Pos",1,"g","e",0
190,"Pos",1,"h","g",0
190,"Pos",1,"i","h",0
190,"Pos",2,"a","a",1
190,"Pos",2,"b","b",1
190,"Pos",2,"c","d",0
190,"Pos",2,"d","c",0
190,"Pos",2,"e","e",1
190,"Pos",2,"f","g",0
190,"Pos",2,"g","e",0
190,"Pos",2,"h","g",0
190,"Pos",2,"i","i",1
190,"Pos",3,"a","a",1
190,"Pos",3,"b","c",0
190,"Pos",3,"c","e",0
190,"Pos",3,"d","e",0
190,"Pos",3,"e","f",0
190,"Pos",3,"f","f",1
190,"Pos",3,"g","f",0
190,"Pos",3,"h","h",1
190,"Pos",3,"i","i",1
190,"Pos",4,"a","a",1
190,"Pos",4,"b","b",1
190,"Pos",4,"c","c",1
190,"Pos",4,"d","d",1
190,"Pos",4,"e","e",1
190,"Pos",4,"f","g",0
190,"Pos",4,"g","g",1
190,"Pos",4,"h","g",0
190,"Pos",4,"i","i",1
190,"Pos",5,"a","a",1
190,"Pos",5,"b","c",0
190,"Pos",5,"c","c",1
190,"Pos",5,"d","c",0
190,"Pos",5,"e","g",0
190,"Pos",5,"f","e",0
190,"Pos",5,"g","g",1
190,"Pos",5,"h","g",0
190,"Pos",5,"i","h",0
190,"Pos",6,"a","a",1
190,"Pos",6,"b","b",1
190,"Pos",6,"c","b",0
190,"Pos",6,"d","c",0
190,"Pos",6,"e","d",0
190,"Pos",6,"f","c",0
190,"Pos",6,"g","g",1
190,"Pos",6,"h","i",0
190,"Pos",6,"i","h",0
190,"Pos",7,"a","a",1
190,"Pos",7,"b","b",1
190,"Pos",7,"c","b",0
190,"Pos",7,"d","c",0
190,"Pos",7,"e","g",0
190,"Pos",7,"f","h",0
190,"Pos",7,"g","f",0
190,"Pos",7,"h","g",0
190,"Pos",7,"i","h",0
190,"Pos",8,"a","a",1
190,"Pos",8,"b","b",1
190,"Pos",8,"c","b",0
190,"Pos",8,"d","c",0
190,"Pos",8,"e","d",0
190,"Pos",8,"f","g",0
190,"Pos",8,"g","i",0
190,"Pos",8,"h","h",1
190,"Pos",8,"i","i",1
191,"Neg",1,"a","a",1
191,"Neg",1,"b","b",1
191,"Neg",1,"c","c",1
191,"Neg",1,"d","c",0
191,"Neg",1,"e","e",1
191,"Neg",1,"f","e",0
191,"Neg",1,"g","f",0
191,"Neg",1,"h","g",0
191,"Neg",1,"i","h",0
191,"Neg",2,"a","a",1
191,"Neg",2,"b","b",1
191,"Neg",2,"c","b",0
191,"Neg",2,"d","c",0
191,"Neg",2,"e","e",1
191,"Neg",2,"f","d",0
191,"Neg",2,"g","f",0
191,"Neg",2,"h","g",0
191,"Neg",2,"i","i",1
191,"Neg",3,"a","a",1
191,"Neg",3,"b","b",1
191,"Neg",3,"c","d",0
191,"Neg",3,"d","d",1
191,"Neg",3,"e","d",0
191,"Neg",3,"f","g",0
191,"Neg",3,"g","f",0
191,"Neg",3,"h","g",0
191,"Neg",3,"i","i",1
191,"Neg",4,"a","a",1
191,"Neg",4,"b","b",1
191,"Neg",4,"c","c",1
191,"Neg",4,"d","d",1
191,"Neg",4,"e","d",0
191,"Neg",4,"f","f",1
191,"Neg",4,"g","f",0
191,"Neg",4,"h","h",1
191,"Neg",4,"i","i",1
191,"Neg",5,"a","a",1
191,"Neg",5,"b","b",1
191,"Neg",5,"c","d",0
191,"Neg",5,"d","d",1
191,"Neg",5,"e","e",1
191,"Neg",5,"f","f",1
191,"Neg",5,"g","f",0
191,"Neg",5,"h","h",1
191,"Neg",5,"i","i",1
191,"Neg",6,"a","a",1
191,"Neg",6,"b","d",0
191,"Neg",6,"c","d",0
191,"Neg",6,"d","d",1
191,"Neg",6,"e","e",1
191,"Neg",6,"f","f",1
191,"Neg",6,"g","g",1
191,"Neg",6,"h","g",0
191,"Neg",6,"i","i",1
191,"Neg",7,"a","b",0
191,"Neg",7,"b","b",1
191,"Neg",7,"c","c",1
191,"Neg",7,"d","d",1
191,"Neg",7,"e","e",1
191,"Neg",7,"f","e",0
191,"Neg",7,"g","g",1
191,"Neg",7,"h","g",0
191,"Neg",7,"i","i",1
191,"Neg",8,"a","a",1
191,"Neg",8,"b","b",1
191,"Neg",8,"c","d",0
191,"Neg",8,"d","d",1
191,"Neg",8,"e","f",0
191,"Neg",8,"f","d",0
191,"Neg",8,"g","f",0
191,"Neg",8,"h","h",1
191,"Neg",8,"i","i",1
192,"Neg",1,"a","i",0
192,"Neg",1,"b","i",0
192,"Neg",1,"c","b",0
192,"Neg",1,"d","b",0
192,"Neg",1,"e","e",1
192,"Neg",1,"f","d",0
192,"Neg",1,"g","e",0
192,"Neg",1,"h","h",1
192,"Neg",1,"i","g",0
192,"Neg",2,"a","a",1
192,"Neg",2,"b","i",0
192,"Neg",2,"c","c",1
192,"Neg",2,"d","d",1
192,"Neg",2,"e","f",0
192,"Neg",2,"f","b",0
192,"Neg",2,"g","c",0
192,"Neg",2,"h","b",0
192,"Neg",2,"i","i",1
192,"Neg",3,"a","b",0
192,"Neg",3,"b","a",0
192,"Neg",3,"c","e",0
192,"Neg",3,"d","g",0
192,"Neg",3,"e","d",0
192,"Neg",3,"f","e",0
192,"Neg",3,"g","h",0
192,"Neg",3,"h","d",0
192,"Neg",3,"i","i",1
192,"Neg",4,"a","a",1
192,"Neg",4,"b","h",0
192,"Neg",4,"c","c",1
192,"Neg",4,"d","d",1
192,"Neg",4,"e","c",0
192,"Neg",4,"f","f",1
192,"Neg",4,"g","h",0
192,"Neg",4,"h","h",1
192,"Neg",4,"i","i",1
192,"Neg",5,"a","a",1
192,"Neg",5,"b","b",1
192,"Neg",5,"c","c",1
192,"Neg",5,"d","d",1
192,"Neg",5,"e","g",0
192,"Neg",5,"f","d",0
192,"Neg",5,"g","f",0
192,"Neg",5,"h","h",1
192,"Neg",5,"i","i",1
192,"Neg",6,"a","a",1
192,"Neg",6,"b","b",1
192,"Neg",6,"c","d",0
192,"Neg",6,"d","d",1
192,"Neg",6,"e","e",1
192,"Neg",6,"f","h",0
192,"Neg",6,"g","h",0
192,"Neg",6,"h","h",1
192,"Neg",6,"i","i",1
192,"Neg",7,"a","a",1
192,"Neg",7,"b","c",0
192,"Neg",7,"c","c",1
192,"Neg",7,"d","d",1
192,"Neg",7,"e","e",1
192,"Neg",7,"f","d",0
192,"Neg",7,"g","g",1
192,"Neg",7,"h","h",1
192,"Neg",7,"i","i",1
192,"Neg",8,"a","a",1
192,"Neg",8,"b","b",1
192,"Neg",8,"c","c",1
192,"Neg",8,"d","d",1
192,"Neg",8,"e","d",0
192,"Neg",8,"f","f",1
192,"Neg",8,"g","g",1
192,"Neg",8,"h","h",1
192,"Neg",8,"i","i",1
194,"Pos",1,"a","a",1
194,"Pos",1,"b","c",0
194,"Pos",1,"c","c",1
194,"Pos",1,"d","c",0
194,"Pos",1,"e","d",0
194,"Pos",1,"f","c",0
194,"Pos",1,"g","e",0
194,"Pos",1,"h","g",0
194,"Pos",1,"i","g",0
194,"Pos",2,"a","a",1
194,"Pos",2,"b","a",0
194,"Pos",2,"c","e",0
194,"Pos",2,"d","e",0
194,"Pos",2,"e","d",0
194,"Pos",2,"f","d",0
194,"Pos",2,"g","d",0
194,"Pos",2,"h","i",0
194,"Pos",2,"i","i",1
194,"Pos",3,"a","b",0
194,"Pos",3,"b","a",0
194,"Pos",3,"c","b",0
194,"Pos",3,"d","c",0
194,"Pos",3,"e","c",0
194,"Pos",3,"f","e",0
194,"Pos",3,"g","f",0
194,"Pos",3,"h","h",1
194,"Pos",3,"i","i",1
194,"Pos",4,"a","a",1
194,"Pos",4,"b","a",0
194,"Pos",4,"c","b",0
194,"Pos",4,"d","d",1
194,"Pos",4,"e","d",0
194,"Pos",4,"f","b",0
194,"Pos",4,"g","g",1
194,"Pos",4,"h","h",1
194,"Pos",4,"i","i",1
194,"Pos",5,"a","a",1
194,"Pos",5,"b","c",0
194,"Pos",5,"c","b",0
194,"Pos",5,"d","c",0
194,"Pos",5,"e","b",0
194,"Pos",5,"f","d",0
194,"Pos",5,"g","e",0
194,"Pos",5,"h","h",1
194,"Pos",5,"i","h",0
194,"Pos",6,"a","a",1
194,"Pos",6,"b","a",0
194,"Pos",6,"c","c",1
194,"Pos",6,"d","c",0
194,"Pos",6,"e","f",0
194,"Pos",6,"f","f",1
194,"Pos",6,"g","c",0
194,"Pos",6,"h","g",0
194,"Pos",6,"i","i",1
194,"Pos",7,"a","a",1
194,"Pos",7,"b","b",1
194,"Pos",7,"c","b",0
194,"Pos",7,"d","b",0
194,"Pos",7,"e","b",0
194,"Pos",7,"f","f",1
194,"Pos",7,"g","g",1
194,"Pos",7,"h","h",1
194,"Pos",7,"i","i",1
194,"Pos",8,"a","a",1
194,"Pos",8,"b","b",1
194,"Pos",8,"c","c",1
194,"Pos",8,"d","d",1
194,"Pos",8,"e","g",0
194,"Pos",8,"f","g",0
194,"Pos",8,"g","h",0
194,"Pos",8,"h","h",1
194,"Pos",8,"i","i",1
195,"Neg",1,"a","a",1
195,"Neg",1,"b","a",0
195,"Neg",1,"c","a",0
195,"Neg",1,"d","a",0
195,"Neg",1,"e","c",0
195,"Neg",1,"f","e",0
195,"Neg",1,"g","c",0
195,"Neg",1,"h","h",1
195,"Neg",1,"i","h",0
195,"Neg",2,"a","a",1
195,"Neg",2,"b","a",0
195,"Neg",2,"c","a",0
195,"Neg",2,"d","b",0
195,"Neg",2,"e","e",1
195,"Neg",2,"f","c",0
195,"Neg",2,"g","g",1
195,"Neg",2,"h","h",1
195,"Neg",2,"i","h",0
195,"Neg",3,"a","a",1
195,"Neg",3,"b","a",0
195,"Neg",3,"c","c",1
195,"Neg",3,"d","g",0
195,"Neg",3,"e","c",0
195,"Neg",3,"f","c",0
195,"Neg",3,"g","g",1
195,"Neg",3,"h","h",1
195,"Neg",3,"i","i",1
195,"Neg",4,"a","a",1
195,"Neg",4,"b","c",0
195,"Neg",4,"c","d",0
195,"Neg",4,"d","b",0
195,"Neg",4,"e","e",1
195,"Neg",4,"f","e",0
195,"Neg",4,"g","g",1
195,"Neg",4,"h","g",0
195,"Neg",4,"i","i",1
195,"Neg",5,"a","a",1
195,"Neg",5,"b","b",1
195,"Neg",5,"c","c",1
195,"Neg",5,"d","b",0
195,"Neg",5,"e","g",0
195,"Neg",5,"f","d",0
195,"Neg",5,"g","e",0
195,"Neg",5,"h","h",1
195,"Neg",5,"i","i",1
195,"Neg",6,"a","a",1
195,"Neg",6,"b","b",1
195,"Neg",6,"c","c",1
195,"Neg",6,"d","d",1
195,"Neg",6,"e","e",1
195,"Neg",6,"f","e",0
195,"Neg",6,"g","e",0
195,"Neg",6,"h","g",0
195,"Neg",6,"i","i",1
195,"Neg",7,"a","a",1
195,"Neg",7,"b","a",0
195,"Neg",7,"c","d",0
195,"Neg",7,"d","c",0
195,"Neg",7,"e","d",0
195,"Neg",7,"f","d",0
195,"Neg",7,"g","d",0
195,"Neg",7,"h","e",0
195,"Neg",7,"i","d",0
195,"Neg",8,"a","a",1
195,"Neg",8,"b","b",1
195,"Neg",8,"c","c",1
195,"Neg",8,"d","c",0
195,"Neg",8,"e","f",0
195,"Neg",8,"f","e",0
195,"Neg",8,"g","h",0
195,"Neg",8,"h","f",0
195,"Neg",8,"i","h",0
196,"Neg",1,"a","a",1
196,"Neg",1,"b","a",0
196,"Neg",1,"c","b",0
196,"Neg",1,"d","d",1
196,"Neg",1,"e","b",0
196,"Neg",1,"f","h",0
196,"Neg",1,"g","f",0
196,"Neg",1,"h","a",0
196,"Neg",1,"i","i",1
196,"Neg",2,"a","a",1
196,"Neg",2,"b","a",0
196,"Neg",2,"c","c",1
196,"Neg",2,"d","c",0
196,"Neg",2,"e","d",0
196,"Neg",2,"f","e",0
196,"Neg",2,"g","h",0
196,"Neg",2,"h","i",0
196,"Neg",2,"i","i",1
196,"Neg",3,"a","a",1
196,"Neg",3,"b","c",0
196,"Neg",3,"c","b",0
196,"Neg",3,"d","c",0
196,"Neg",3,"e","d",0
196,"Neg",3,"f","e",0
196,"Neg",3,"g","g",1
196,"Neg",3,"h","h",1
196,"Neg",3,"i","i",1
196,"Neg",4,"a","a",1
196,"Neg",4,"b","b",1
196,"Neg",4,"c","c",1
196,"Neg",4,"d","d",1
196,"Neg",4,"e","e",1
196,"Neg",4,"f","e",0
196,"Neg",4,"g","g",1
196,"Neg",4,"h","h",1
196,"Neg",4,"i","i",1
196,"Neg",5,"a","a",1
196,"Neg",5,"b","b",1
196,"Neg",5,"c","c",1
196,"Neg",5,"d","d",1
196,"Neg",5,"e","d",0
196,"Neg",5,"f","f",1
196,"Neg",5,"g","g",1
196,"Neg",5,"h","g",0
196,"Neg",5,"i","i",1
196,"Neg",6,"a","a",1
196,"Neg",6,"b","b",1
196,"Neg",6,"c","c",1
196,"Neg",6,"d","e",0
196,"Neg",6,"e","d",0
196,"Neg",6,"f","e",0
196,"Neg",6,"g","e",0
196,"Neg",6,"h","g",0
196,"Neg",6,"i","i",1
196,"Neg",7,"a","a",1
196,"Neg",7,"b","b",1
196,"Neg",7,"c","d",0
196,"Neg",7,"d","d",1
196,"Neg",7,"e","d",0
196,"Neg",7,"f","e",0
196,"Neg",7,"g","g",1
196,"Neg",7,"h","g",0
196,"Neg",7,"i","h",0
196,"Neg",8,"a","a",1
196,"Neg",8,"b","b",1
196,"Neg",8,"c","c",1
196,"Neg",8,"d","d",1
196,"Neg",8,"e","d",0
196,"Neg",8,"f","f",1
196,"Neg",8,"g","f",0
196,"Neg",8,"h","h",1
196,"Neg",8,"i","i",1
197,"Pos",1,"a","a",1
197,"Pos",1,"b","b",1
197,"Pos",1,"c","c",1
197,"Pos",1,"d","d",1
197,"Pos",1,"e","f",0
197,"Pos",1,"f","h",0
197,"Pos",1,"g","e",0
197,"Pos",1,"h","d",0
197,"Pos",1,"i","h",0
197,"Pos",2,"a","a",1
197,"Pos",2,"b","c",0
197,"Pos",2,"c","c",1
197,"Pos",2,"d","c",0
197,"Pos",2,"e","e",1
197,"Pos",2,"f","e",0
197,"Pos",2,"g","e",0
197,"Pos",2,"h","g",0
197,"Pos",2,"i","i",1
197,"Pos",3,"a","a",1
197,"Pos",3,"b","c",0
197,"Pos",3,"c","d",0
197,"Pos",3,"d","e",0
197,"Pos",3,"e","e",1
197,"Pos",3,"f","d",0
197,"Pos",3,"g","g",1
197,"Pos",3,"h","h",1
197,"Pos",3,"i","i",1
197,"Pos",4,"a","c",0
197,"Pos",4,"b","b",1
197,"Pos",4,"c","d",0
197,"Pos",4,"d","d",1
197,"Pos",4,"e","e",1
197,"Pos",4,"f","d",0
197,"Pos",4,"g","g",1
197,"Pos",4,"h","g",0
197,"Pos",4,"i","i",1
197,"Pos",5,"a","a",1
197,"Pos",5,"b","b",1
197,"Pos",5,"c","c",1
197,"Pos",5,"d","d",1
197,"Pos",5,"e","e",1
197,"Pos",5,"f","d",0
197,"Pos",5,"g","f",0
197,"Pos",5,"h","g",0
197,"Pos",5,"i","i",1
197,"Pos",6,"a","a",1
197,"Pos",6,"b","c",0
197,"Pos",6,"c","c",1
197,"Pos",6,"d","d",1
197,"Pos",6,"e","d",0
197,"Pos",6,"f","e",0
197,"Pos",6,"g","g",1
197,"Pos",6,"h","h",1
197,"Pos",6,"i","i",1
197,"Pos",7,"a","a",1
197,"Pos",7,"b","b",1
197,"Pos",7,"c","c",1
197,"Pos",7,"d","c",0
197,"Pos",7,"e","e",1
197,"Pos",7,"f","e",0
197,"Pos",7,"g","e",0
197,"Pos",7,"h","h",1
197,"Pos",7,"i","i",1
197,"Pos",8,"a","a",1
197,"Pos",8,"b","b",1
197,"Pos",8,"c","c",1
197,"Pos",8,"d","d",1
197,"Pos",8,"e","d",0
197,"Pos",8,"f","f",1
197,"Pos",8,"g","g",1
197,"Pos",8,"h","h",1
197,"Pos",8,"i","i",1
198,"Pos",1,"a","a",1
198,"Pos",1,"b","b",1
198,"Pos",1,"c","b",0
198,"Pos",1,"d","e",0
198,"Pos",1,"e","e",1
198,"Pos",1,"f","h",0
198,"Pos",1,"g","g",1
198,"Pos",1,"h","i",0
198,"Pos",1,"i","i",1
198,"Pos",2,"a","a",1
198,"Pos",2,"b","c",0
198,"Pos",2,"c","d",0
198,"Pos",2,"d","d",1
198,"Pos",2,"e","e",1
198,"Pos",2,"f","e",0
198,"Pos",2,"g","g",1
198,"Pos",2,"h","h",1
198,"Pos",2,"i","i",1
198,"Pos",3,"a","a",1
198,"Pos",3,"b","b",1
198,"Pos",3,"c","d",0
198,"Pos",3,"d","c",0
198,"Pos",3,"e","d",0
198,"Pos",3,"f","e",0
198,"Pos",3,"g","e",0
198,"Pos",3,"h","h",1
198,"Pos",3,"i","i",1
198,"Pos",4,"a","a",1
198,"Pos",4,"b","b",1
198,"Pos",4,"c","c",1
198,"Pos",4,"d","d",1
198,"Pos",4,"e","d",0
198,"Pos",4,"f","g",0
198,"Pos",4,"g","e",0
198,"Pos",4,"h","h",1
198,"Pos",4,"i","i",1
198,"Pos",5,"a","a",1
198,"Pos",5,"b","b",1
198,"Pos",5,"c","c",1
198,"Pos",5,"d","d",1
198,"Pos",5,"e","d",0
198,"Pos",5,"f","f",1
198,"Pos",5,"g","e",0
198,"Pos",5,"h","h",1
198,"Pos",5,"i","i",1
198,"Pos",6,"a","a",1
198,"Pos",6,"b","b",1
198,"Pos",6,"c","c",1
198,"Pos",6,"d","d",1
198,"Pos",6,"e","e",1
198,"Pos",6,"f","f",1
198,"Pos",6,"g","g",1
198,"Pos",6,"h","h",1
198,"Pos",6,"i","i",1
198,"Pos",7,"a","a",1
198,"Pos",7,"b","b",1
198,"Pos",7,"c","c",1
198,"Pos",7,"d","d",1
198,"Pos",7,"e","g",0
198,"Pos",7,"f","g",0
198,"Pos",7,"g","f",0
198,"Pos",7,"h","g",0
198,"Pos",7,"i","i",1
198,"Pos",8,"a","a",1
198,"Pos",8,"b","b",1
198,"Pos",8,"c","c",1
198,"Pos",8,"d","f",0
198,"Pos",8,"e","d",0
198,"Pos",8,"f","e",0
198,"Pos",8,"g","g",1
198,"Pos",8,"h","h",1
198,"Pos",8,"i","i",1
199,"Neg",1,"a","a",1
199,"Neg",1,"b","a",0
199,"Neg",1,"c","a",0
199,"Neg",1,"d","c",0
199,"Neg",1,"e","g",0
199,"Neg",1,"f","c",0
199,"Neg",1,"g","f",0
199,"Neg",1,"h","d",0
199,"Neg",1,"i","f",0
199,"Neg",2,"a","a",1
199,"Neg",2,"b","c",0
199,"Neg",2,"c","c",1
199,"Neg",2,"d","b",0
199,"Neg",2,"e","g",0
199,"Neg",2,"f","b",0
199,"Neg",2,"g","b",0
199,"Neg",2,"h","b",0
199,"Neg",2,"i","i",1
199,"Neg",3,"a","a",1
199,"Neg",3,"b","a",0
199,"Neg",3,"c","c",1
199,"Neg",3,"d","c",0
199,"Neg",3,"e","b",0
199,"Neg",3,"f","d",0
199,"Neg",3,"g","e",0
199,"Neg",3,"h","g",0
199,"Neg",3,"i","i",1
199,"Neg",4,"a","a",1
199,"Neg",4,"b","c",0
199,"Neg",4,"c","c",1
199,"Neg",4,"d","e",0
199,"Neg",4,"e","b",0
199,"Neg",4,"f","f",1
199,"Neg",4,"g","f",0
199,"Neg",4,"h","h",1
199,"Neg",4,"i","i",1
199,"Neg",5,"a","a",1
199,"Neg",5,"b","c",0
199,"Neg",5,"c","b",0
199,"Neg",5,"d","c",0
199,"Neg",5,"e","e",1
199,"Neg",5,"f","d",0
199,"Neg",5,"g","g",1
199,"Neg",5,"h","i",0
199,"Neg",5,"i","i",1
199,"Neg",6,"a","a",1
199,"Neg",6,"b","b",1
199,"Neg",6,"c","d",0
199,"Neg",6,"d","d",1
199,"Neg",6,"e","d",0
199,"Neg",6,"f","f",1
199,"Neg",6,"g","g",1
199,"Neg",6,"h","h",1
199,"Neg",6,"i","i",1
199,"Neg",7,"a","a",1
199,"Neg",7,"b","b",1
199,"Neg",7,"c","d",0
199,"Neg",7,"d","d",1
199,"Neg",7,"e","f",0
199,"Neg",7,"f","e",0
199,"Neg",7,"g","g",1
199,"Neg",7,"h","h",1
199,"Neg",7,"i","i",1
199,"Neg",8,"a","b",0
199,"Neg",8,"b","a",0
199,"Neg",8,"c","c",1
199,"Neg",8,"d","d",1
199,"Neg",8,"e","e",1
199,"Neg",8,"f","f",1
199,"Neg",8,"g","g",1
199,"Neg",8,"h","g",0
199,"Neg",8,"i","i",1
200,"Neg",1,"a","a",1
200,"Neg",1,"b","a",0
200,"Neg",1,"c","i",0
200,"Neg",1,"d","c",0
200,"Neg",1,"e","e",1
200,"Neg",1,"f","i",0
200,"Neg",1,"g","b",0
200,"Neg",1,"h","h",1
200,"Neg",1,"i","h",0
200,"Neg",2,"a","a",1
200,"Neg",2,"b","b",1
200,"Neg",2,"c","b",0
200,"Neg",2,"d","e",0
200,"Neg",2,"e","g",0
200,"Neg",2,"f","b",0
200,"Neg",2,"g","e",0
200,"Neg",2,"h","h",1
200,"Neg",2,"i","h",0
200,"Neg",3,"a","a",1
200,"Neg",3,"b","a",0
200,"Neg",3,"c","b",0
200,"Neg",3,"d","e",0
200,"Neg",3,"e","i",0
200,"Neg",3,"f","c",0
200,"Neg",3,"g","i",0
200,"Neg",3,"h","h",1
200,"Neg",3,"i","h",0
200,"Neg",4,"a","a",1
200,"Neg",4,"b","b",1
200,"Neg",4,"c","e",0
200,"Neg",4,"d","e",0
200,"Neg",4,"e","e",1
200,"Neg",4,"f","i",0
200,"Neg",4,"g","g",1
200,"Neg",4,"h","h",1
200,"Neg",4,"i","i",1
200,"Neg",5,"a","a",1
200,"Neg",5,"b","b",1
200,"Neg",5,"c","b",0
200,"Neg",5,"d","d",1
200,"Neg",5,"e","e",1
200,"Neg",5,"f","e",0
200,"Neg",5,"g","i",0
200,"Neg",5,"h","i",0
200,"Neg",5,"i","i",1
200,"Neg",6,"a","a",1
200,"Neg",6,"b","c",0
200,"Neg",6,"c","e",0
200,"Neg",6,"d","e",0
200,"Neg",6,"e","e",1
200,"Neg",6,"f","e",0
200,"Neg",6,"g","c",0
200,"Neg",6,"h","e",0
200,"Neg",6,"i","i",1
200,"Neg",7,"a","a",1
200,"Neg",7,"b","b",1
200,"Neg",7,"c","b",0
200,"Neg",7,"d","b",0
200,"Neg",7,"e","e",1
200,"Neg",7,"f","f",1
200,"Neg",7,"g","h",0
200,"Neg",7,"h","h",1
200,"Neg",7,"i","i",1
200,"Neg",8,"a","a",1
200,"Neg",8,"b","b",1
200,"Neg",8,"c","c",1
200,"Neg",8,"d","h",0
200,"Neg",8,"e","e",1
200,"Neg",8,"f","f",1
200,"Neg",8,"g","h",0
200,"Neg",8,"h","h",1
200,"Neg",8,"i","i",1
201,"Pos",1,"a","e",0
201,"Pos",1,"b","c",0
201,"Pos",1,"c","b",0
201,"Pos",1,"d","b",0
201,"Pos",1,"e","b",0
201,"Pos",1,"f","b",0
201,"Pos",1,"g","a",0
201,"Pos",1,"h","i",0
201,"Pos",1,"i","h",0
201,"Pos",2,"a","c",0
201,"Pos",2,"b","c",0
201,"Pos",2,"c","b",0
201,"Pos",2,"d","d",1
201,"Pos",2,"e","d",0
201,"Pos",2,"f","e",0
201,"Pos",2,"g","h",0
201,"Pos",2,"h","i",0
201,"Pos",2,"i","i",1
201,"Pos",3,"a","a",1
201,"Pos",3,"b","a",0
201,"Pos",3,"c","c",1
201,"Pos",3,"d","d",1
201,"Pos",3,"e","e",1
201,"Pos",3,"f","f",1
201,"Pos",3,"g","f",0
201,"Pos",3,"h","h",1
201,"Pos",3,"i","i",1
201,"Pos",4,"a","a",1
201,"Pos",4,"b","a",0
201,"Pos",4,"c","c",1
201,"Pos",4,"d","c",0
201,"Pos",4,"e","d",0
201,"Pos",4,"f","e",0
201,"Pos",4,"g","e",0
201,"Pos",4,"h","h",1
201,"Pos",4,"i","i",1
201,"Pos",5,"a","a",1
201,"Pos",5,"b","a",0
201,"Pos",5,"c","d",0
201,"Pos",5,"d","d",1
201,"Pos",5,"e","d",0
201,"Pos",5,"f","f",1
201,"Pos",5,"g","f",0
201,"Pos",5,"h","h",1
201,"Pos",5,"i","i",1
201,"Pos",6,"a","a",1
201,"Pos",6,"b","b",1
201,"Pos",6,"c","c",1
201,"Pos",6,"d","e",0
201,"Pos",6,"e","d",0
201,"Pos",6,"f","f",1
201,"Pos",6,"g","f",0
201,"Pos",6,"h","h",1
201,"Pos",6,"i","i",1
201,"Pos",7,"a","a",1
201,"Pos",7,"b","b",1
201,"Pos",7,"c","c",1
201,"Pos",7,"d","c",0
201,"Pos",7,"e","d",0
201,"Pos",7,"f","f",1
201,"Pos",7,"g","g",1
201,"Pos",7,"h","h",1
201,"Pos",7,"i","i",1
201,"Pos",8,"a","a",1
201,"Pos",8,"b","b",1
201,"Pos",8,"c","c",1
201,"Pos",8,"d","d",1
201,"Pos",8,"e","e",1
201,"Pos",8,"f","e",0
201,"Pos",8,"g","g",1
201,"Pos",8,"h","h",1
201,"Pos",8,"i","i",1
202,"Pos",1,"a","a",1
202,"Pos",1,"b","b",1
202,"Pos",1,"c","a",0
202,"Pos",1,"d","g",0
202,"Pos",1,"e","c",0
202,"Pos",1,"f","i",0
202,"Pos",1,"g","f",0
202,"Pos",1,"h","h",1
202,"Pos",1,"i","i",1
202,"Pos",2,"a","a",1
202,"Pos",2,"b","b",1
202,"Pos",2,"c","b",0
202,"Pos",2,"d","b",0
202,"Pos",2,"e","g",0
202,"Pos",2,"f","i",0
202,"Pos",2,"g","i",0
202,"Pos",2,"h","f",0
202,"Pos",2,"i","i",1
202,"Pos",3,"a","b",0
202,"Pos",3,"b","c",0
202,"Pos",3,"c","g",0
202,"Pos",3,"d","c",0
202,"Pos",3,"e","g",0
202,"Pos",3,"f","d",0
202,"Pos",3,"g","h",0
202,"Pos",3,"h","g",0
202,"Pos",3,"i","i",1
202,"Pos",4,"a","a",1
202,"Pos",4,"b","b",1
202,"Pos",4,"c","c",1
202,"Pos",4,"d","d",1
202,"Pos",4,"e","d",0
202,"Pos",4,"f","d",0
202,"Pos",4,"g","g",1
202,"Pos",4,"h","i",0
202,"Pos",4,"i","i",1
202,"Pos",5,"a","a",1
202,"Pos",5,"b","c",0
202,"Pos",5,"c","d",0
202,"Pos",5,"d","e",0
202,"Pos",5,"e","d",0
202,"Pos",5,"f","g",0
202,"Pos",5,"g","g",1
202,"Pos",5,"h","h",1
202,"Pos",5,"i","i",1
202,"Pos",6,"a","b",0
202,"Pos",6,"b","c",0
202,"Pos",6,"c","c",1
202,"Pos",6,"d","f",0
202,"Pos",6,"e","g",0
202,"Pos",6,"f","g",0
202,"Pos",6,"g","g",1
202,"Pos",6,"h","i",0
202,"Pos",6,"i","i",1
202,"Pos",7,"a","b",0
202,"Pos",7,"b","d",0
202,"Pos",7,"c","d",0
202,"Pos",7,"d","f",0
202,"Pos",7,"e","d",0
202,"Pos",7,"f","g",0
202,"Pos",7,"g","g",1
202,"Pos",7,"h","h",1
202,"Pos",7,"i","i",1
202,"Pos",8,"a","a",1
202,"Pos",8,"b","b",1
202,"Pos",8,"c","c",1
202,"Pos",8,"d","c",0
202,"Pos",8,"e","d",0
202,"Pos",8,"f","d",0
202,"Pos",8,"g","f",0
202,"Pos",8,"h","h",1
202,"Pos",8,"i","i",1
203,"Neg",1,"a","a",1
203,"Neg",1,"b","b",1
203,"Neg",1,"c","c",1
203,"Neg",1,"d","b",0
203,"Neg",1,"e","e",1
203,"Neg",1,"f","e",0
203,"Neg",1,"g","e",0
203,"Neg",1,"h","i",0
203,"Neg",1,"i","i",1
203,"Neg",2,"a","a",1
203,"Neg",2,"b","c",0
203,"Neg",2,"c","b",0
203,"Neg",2,"d","c",0
203,"Neg",2,"e","g",0
203,"Neg",2,"f","d",0
203,"Neg",2,"g","g",1
203,"Neg",2,"h","h",1
203,"Neg",2,"i","i",1
203,"Neg",3,"a","b",0
203,"Neg",3,"b","b",1
203,"Neg",3,"c","c",1
203,"Neg",3,"d","b",0
203,"Neg",3,"e","d",0
203,"Neg",3,"f","d",0
203,"Neg",3,"g","e",0
203,"Neg",3,"h","h",1
203,"Neg",3,"i","i",1
203,"Neg",4,"a","a",1
203,"Neg",4,"b","b",1
203,"Neg",4,"c","b",0
203,"Neg",4,"d","d",1
203,"Neg",4,"e","d",0
203,"Neg",4,"f","g",0
203,"Neg",4,"g","e",0
203,"Neg",4,"h","g",0
203,"Neg",4,"i","i",1
203,"Neg",5,"a","a",1
203,"Neg",5,"b","b",1
203,"Neg",5,"c","c",1
203,"Neg",5,"d","d",1
203,"Neg",5,"e","d",0
203,"Neg",5,"f","g",0
203,"Neg",5,"g","d",0
203,"Neg",5,"h","h",1
203,"Neg",5,"i","h",0
203,"Neg",6,"a","a",1
203,"Neg",6,"b","b",1
203,"Neg",6,"c","c",1
203,"Neg",6,"d","d",1
203,"Neg",6,"e","e",1
203,"Neg",6,"f","f",1
203,"Neg",6,"g","g",1
203,"Neg",6,"h","h",1
203,"Neg",6,"i","i",1
203,"Neg",7,"a","a",1
203,"Neg",7,"b","b",1
203,"Neg",7,"c","b",0
203,"Neg",7,"d","d",1
203,"Neg",7,"e","e",1
203,"Neg",7,"f","g",0
203,"Neg",7,"g","g",1
203,"Neg",7,"h","h",1
203,"Neg",7,"i","i",1
203,"Neg",8,"a","a",1
203,"Neg",8,"b","b",1
203,"Neg",8,"c","b",0
203,"Neg",8,"d","d",1
203,"Neg",8,"e","f",0
203,"Neg",8,"f","e",0
203,"Neg",8,"g","e",0
203,"Neg",8,"h","h",1
203,"Neg",8,"i","i",1
204,"Neg",1,"a","a",1
204,"Neg",1,"b","b",1
204,"Neg",1,"c","b",0
204,"Neg",1,"d","c",0
204,"Neg",1,"e","e",1
204,"Neg",1,"f","c",0
204,"Neg",1,"g","e",0
204,"Neg",1,"h","d",0
204,"Neg",1,"i","i",1
204,"Neg",2,"a","a",1
204,"Neg",2,"b","b",1
204,"Neg",2,"c","c",1
204,"Neg",2,"d","c",0
204,"Neg",2,"e","d",0
204,"Neg",2,"f","e",0
204,"Neg",2,"g","f",0
204,"Neg",2,"h","f",0
204,"Neg",2,"i","i",1
204,"Neg",3,"a","b",0
204,"Neg",3,"b","c",0
204,"Neg",3,"c","c",1
204,"Neg",3,"d","d",1
204,"Neg",3,"e","d",0
204,"Neg",3,"f","e",0
204,"Neg",3,"g","f",0
204,"Neg",3,"h","h",1
204,"Neg",3,"i","i",1
204,"Neg",4,"a","a",1
204,"Neg",4,"b","c",0
204,"Neg",4,"c","c",1
204,"Neg",4,"d","c",0
204,"Neg",4,"e","e",1
204,"Neg",4,"f","e",0
204,"Neg",4,"g","e",0
204,"Neg",4,"h","g",0
204,"Neg",4,"i","h",0
204,"Neg",5,"a","a",1
204,"Neg",5,"b","b",1
204,"Neg",5,"c","c",1
204,"Neg",5,"d","e",0
204,"Neg",5,"e","f",0
204,"Neg",5,"f","e",0
204,"Neg",5,"g","g",1
204,"Neg",5,"h","i",0
204,"Neg",5,"i","i",1
204,"Neg",6,"a","a",1
204,"Neg",6,"b","b",1
204,"Neg",6,"c","c",1
204,"Neg",6,"d","d",1
204,"Neg",6,"e","f",0
204,"Neg",6,"f","f",1
204,"Neg",6,"g","g",1
204,"Neg",6,"h","h",1
204,"Neg",6,"i","i",1
204,"Neg",7,"a","a",1
204,"Neg",7,"b","c",0
204,"Neg",7,"c","c",1
204,"Neg",7,"d","d",1
204,"Neg",7,"e","d",0
204,"Neg",7,"f","e",0
204,"Neg",7,"g","g",1
204,"Neg",7,"h","h",1
204,"Neg",7,"i","h",0
204,"Neg",8,"a","a",1
204,"Neg",8,"b","c",0
204,"Neg",8,"c","c",1
204,"Neg",8,"d","d",1
204,"Neg",8,"e","d",0
204,"Neg",8,"f","e",0
204,"Neg",8,"g","e",0
204,"Neg",8,"h","g",0
204,"Neg",8,"i","i",1
205,"Pos",1,"a","a",1
205,"Pos",1,"b","b",1
205,"Pos",1,"c","c",1
205,"Pos",1,"d","f",0
205,"Pos",1,"e","d",0
205,"Pos",1,"f","g",0
205,"Pos",1,"g","g",1
205,"Pos",1,"h","i",0
205,"Pos",1,"i","i",1
205,"Pos",2,"a","a",1
205,"Pos",2,"b","b",1
205,"Pos",2,"c","c",1
205,"Pos",2,"d","c",0
205,"Pos",2,"e","g",0
205,"Pos",2,"f","g",0
205,"Pos",2,"g","f",0
205,"Pos",2,"h","h",1
205,"Pos",2,"i","i",1
205,"Pos",3,"a","a",1
205,"Pos",3,"b","c",0
205,"Pos",3,"c","c",1
205,"Pos",3,"d","d",1
205,"Pos",3,"e","e",1
205,"Pos",3,"f","f",1
205,"Pos",3,"g","g",1
205,"Pos",3,"h","h",1
205,"Pos",3,"i","i",1
205,"Pos",4,"a","b",0
205,"Pos",4,"b","c",0
205,"Pos",4,"c","c",1
205,"Pos",4,"d","c",0
205,"Pos",4,"e","e",1
205,"Pos",4,"f","g",0
205,"Pos",4,"g","g",1
205,"Pos",4,"h","h",1
205,"Pos",4,"i","i",1
205,"Pos",5,"a","a",1
205,"Pos",5,"b","b",1
205,"Pos",5,"c","d",0
205,"Pos",5,"d","d",1
205,"Pos",5,"e","d",0
205,"Pos",5,"f","f",1
205,"Pos",5,"g","g",1
205,"Pos",5,"h","h",1
205,"Pos",5,"i","i",1
205,"Pos",6,"a","b",0
205,"Pos",6,"b","b",1
205,"Pos",6,"c","c",1
205,"Pos",6,"d","c",0
205,"Pos",6,"e","c",0
205,"Pos",6,"f","d",0
205,"Pos",6,"g","g",1
205,"Pos",6,"h","h",1
205,"Pos",6,"i","i",1
205,"Pos",7,"a","a",1
205,"Pos",7,"b","b",1
205,"Pos",7,"c","b",0
205,"Pos",7,"d","e",0
205,"Pos",7,"e","d",0
205,"Pos",7,"f","f",1
205,"Pos",7,"g","f",0
205,"Pos",7,"h","h",1
205,"Pos",7,"i","i",1
205,"Pos",8,"a","b",0
205,"Pos",8,"b","b",1
205,"Pos",8,"c","b",0
205,"Pos",8,"d","c",0
205,"Pos",8,"e","c",0
205,"Pos",8,"f","g",0
205,"Pos",8,"g","e",0
205,"Pos",8,"h","h",1
205,"Pos",8,"i","i",1
206,"Pos",1,"a","a",1
206,"Pos",1,"b","a",0
206,"Pos",1,"c","b",0
206,"Pos",1,"d","c",0
206,"Pos",1,"e","e",1
206,"Pos",1,"f","f",1
206,"Pos",1,"g","g",1
206,"Pos",1,"h","h",1
206,"Pos",1,"i","i",1
206,"Pos",2,"a","a",1
206,"Pos",2,"b","b",1
206,"Pos",2,"c","b",0
206,"Pos",2,"d","d",1
206,"Pos",2,"e","f",0
206,"Pos",2,"f","e",0
206,"Pos",2,"g","f",0
206,"Pos",2,"h","h",1
206,"Pos",2,"i","i",1
206,"Pos",3,"a","a",1
206,"Pos",3,"b","c",0
206,"Pos",3,"c","c",1
206,"Pos",3,"d","d",1
206,"Pos",3,"e","d",0
206,"Pos",3,"f","e",0
206,"Pos",3,"g","f",0
206,"Pos",3,"h","h",1
206,"Pos",3,"i","i",1
206,"Pos",4,"a","a",1
206,"Pos",4,"b","b",1
206,"Pos",4,"c","c",1
206,"Pos",4,"d","c",0
206,"Pos",4,"e","e",1
206,"Pos",4,"f","f",1
206,"Pos",4,"g","f",0
206,"Pos",4,"h","h",1
206,"Pos",4,"i","i",1
206,"Pos",5,"a","a",1
206,"Pos",5,"b","c",0
206,"Pos",5,"c","d",0
206,"Pos",5,"d","d",1
206,"Pos",5,"e","e",1
206,"Pos",5,"f","e",0
206,"Pos",5,"g","f",0
206,"Pos",5,"h","h",1
206,"Pos",5,"i","i",1
206,"Pos",6,"a","a",1
206,"Pos",6,"b","b",1
206,"Pos",6,"c","c",1
206,"Pos",6,"d","c",0
206,"Pos",6,"e","d",0
206,"Pos",6,"f","g",0
206,"Pos",6,"g","g",1
206,"Pos",6,"h","g",0
206,"Pos",6,"i","i",1
206,"Pos",7,"a","a",1
206,"Pos",7,"b","b",1
206,"Pos",7,"c","d",0
206,"Pos",7,"d","d",1
206,"Pos",7,"e","e",1
206,"Pos",7,"f","e",0
206,"Pos",7,"g","f",0
206,"Pos",7,"h","h",1
206,"Pos",7,"i","i",1
206,"Pos",8,"a","a",1
206,"Pos",8,"b","c",0
206,"Pos",8,"c","d",0
206,"Pos",8,"d","e",0
206,"Pos",8,"e","d",0
206,"Pos",8,"f","e",0
206,"Pos",8,"g","f",0
206,"Pos",8,"h","h",1
206,"Pos",8,"i","i",1
207,"Neg",1,"a","a",1
207,"Neg",1,"b","a",0
207,"Neg",1,"c","b",0
207,"Neg",1,"d","c",0
207,"Neg",1,"e","c",0
207,"Neg",1,"f","d",0
207,"Neg",1,"g","e",0
207,"Neg",1,"h","g",0
207,"Neg",1,"i","i",1
207,"Neg",2,"a","a",1
207,"Neg",2,"b","b",1
207,"Neg",2,"c","b",0
207,"Neg",2,"d","d",1
207,"Neg",2,"e","d",0
207,"Neg",2,"f","d",0
207,"Neg",2,"g","g",1
207,"Neg",2,"h","h",1
207,"Neg",2,"i","i",1
207,"Neg",3,"a","a",1
207,"Neg",3,"b","b",1
207,"Neg",3,"c","c",1
207,"Neg",3,"d","d",1
207,"Neg",3,"e","f",0
207,"Neg",3,"f","f",1
207,"Neg",3,"g","g",1
207,"Neg",3,"h","h",1
207,"Neg",3,"i","i",1
207,"Neg",4,"a","a",1
207,"Neg",4,"b","b",1
207,"Neg",4,"c","d",0
207,"Neg",4,"d","c",0
207,"Neg",4,"e","f",0
207,"Neg",4,"f","f",1
207,"Neg",4,"g","g",1
207,"Neg",4,"h","h",1
207,"Neg",4,"i","i",1
207,"Neg",5,"a","a",1
207,"Neg",5,"b","c",0
207,"Neg",5,"c","d",0
207,"Neg",5,"d","e",0
207,"Neg",5,"e","e",1
207,"Neg",5,"f","g",0
207,"Neg",5,"g","h",0
207,"Neg",5,"h","h",1
207,"Neg",5,"i","i",1
207,"Neg",6,"a","b",0
207,"Neg",6,"b","b",1
207,"Neg",6,"c","c",1
207,"Neg",6,"d","c",0
207,"Neg",6,"e","d",0
207,"Neg",6,"f","g",0
207,"Neg",6,"g","g",1
207,"Neg",6,"h","h",1
207,"Neg",6,"i","i",1
207,"Neg",7,"a","a",1
207,"Neg",7,"b","c",0
207,"Neg",7,"c","c",1
207,"Neg",7,"d","c",0
207,"Neg",7,"e","d",0
207,"Neg",7,"f","f",1
207,"Neg",7,"g","g",1
207,"Neg",7,"h","i",0
207,"Neg",7,"i","i",1
207,"Neg",8,"a","a",1
207,"Neg",8,"b","b",1
207,"Neg",8,"c","c",1
207,"Neg",8,"d","d",1
207,"Neg",8,"e","e",1
207,"Neg",8,"f","f",1
207,"Neg",8,"g","g",1
207,"Neg",8,"h","h",1
207,"Neg",8,"i","i",1
208,"Neg",1,"a","a",1
208,"Neg",1,"b","a",0
208,"Neg",1,"c","a",0
208,"Neg",1,"d","b",0
208,"Neg",1,"e","d",0
208,"Neg",1,"f","d",0
208,"Neg",1,"g","g",1
208,"Neg",1,"h","i",0
208,"Neg",1,"i","i",1
208,"Neg",2,"a","a",1
208,"Neg",2,"b","a",0
208,"Neg",2,"c","c",1
208,"Neg",2,"d","c",0
208,"Neg",2,"e","e",1
208,"Neg",2,"f","f",1
208,"Neg",2,"g","f",0
208,"Neg",2,"h","g",0
208,"Neg",2,"i","i",1
208,"Neg",3,"a","a",1
208,"Neg",3,"b","a",0
208,"Neg",3,"c","c",1
208,"Neg",3,"d","d",1
208,"Neg",3,"e","d",0
208,"Neg",3,"f","e",0
208,"Neg",3,"g","g",1
208,"Neg",3,"h","g",0
208,"Neg",3,"i","i",1
208,"Neg",4,"a","a",1
208,"Neg",4,"b","a",0
208,"Neg",4,"c","d",0
208,"Neg",4,"d","d",1
208,"Neg",4,"e","d",0
208,"Neg",4,"f","d",0
208,"Neg",4,"g","f",0
208,"Neg",4,"h","h",1
208,"Neg",4,"i","i",1
208,"Neg",5,"a","a",1
208,"Neg",5,"b","b",1
208,"Neg",5,"c","c",1
208,"Neg",5,"d","e",0
208,"Neg",5,"e","e",1
208,"Neg",5,"f","e",0
208,"Neg",5,"g","f",0
208,"Neg",5,"h","g",0
208,"Neg",5,"i","i",1
208,"Neg",6,"a","a",1
208,"Neg",6,"b","b",1
208,"Neg",6,"c","c",1
208,"Neg",6,"d","d",1
208,"Neg",6,"e","e",1
208,"Neg",6,"f","e",0
208,"Neg",6,"g","f",0
208,"Neg",6,"h","h",1
208,"Neg",6,"i","h",0
208,"Neg",7,"a","a",1
208,"Neg",7,"b","a",0
208,"Neg",7,"c","c",1
208,"Neg",7,"d","d",1
208,"Neg",7,"e","e",1
208,"Neg",7,"f","f",1
208,"Neg",7,"g","e",0
208,"Neg",7,"h","h",1
208,"Neg",7,"i","i",1
208,"Neg",8,"a","a",1
208,"Neg",8,"b","b",1
208,"Neg",8,"c","c",1
208,"Neg",8,"d","d",1
208,"Neg",8,"e","e",1
208,"Neg",8,"f","e",0
208,"Neg",8,"g","f",0
208,"Neg",8,"h","g",0
208,"Neg",8,"i","i",1
209,"Pos",1,"a","a",1
209,"Pos",1,"b","a",0
209,"Pos",1,"c","a",0
209,"Pos",1,"d","c",0
209,"Pos",1,"e","c",0
209,"Pos",1,"f","f",1
209,"Pos",1,"g","g",1
209,"Pos",1,"h","h",1
209,"Pos",1,"i","i",1
209,"Pos",2,"a","a",1
209,"Pos",2,"b","a",0
209,"Pos",2,"c","b",0
209,"Pos",2,"d","b",0
209,"Pos",2,"e","e",1
209,"Pos",2,"f","f",1
209,"Pos",2,"g","e",0
209,"Pos",2,"h","h",1
209,"Pos",2,"i","i",1
209,"Pos",3,"a","a",1
209,"Pos",3,"b","b",1
209,"Pos",3,"c","b",0
209,"Pos",3,"d","e",0
209,"Pos",3,"e","d",0
209,"Pos",3,"f","f",1
209,"Pos",3,"g","g",1
209,"Pos",3,"h","h",1
209,"Pos",3,"i","i",1
209,"Pos",4,"a","a",1
209,"Pos",4,"b","b",1
209,"Pos",4,"c","c",1
209,"Pos",4,"d","d",1
209,"Pos",4,"e","e",1
209,"Pos",4,"f","f",1
209,"Pos",4,"g","g",1
209,"Pos",4,"h","h",1
209,"Pos",4,"i","i",1
209,"Pos",5,"a","a",1
209,"Pos",5,"b","b",1
209,"Pos",5,"c","c",1
209,"Pos",5,"d","e",0
209,"Pos",5,"e","d",0
209,"Pos",5,"f","f",1
209,"Pos",5,"g","e",0
209,"Pos",5,"h","h",1
209,"Pos",5,"i","h",0
209,"Pos",6,"a","a",1
209,"Pos",6,"b","b",1
209,"Pos",6,"c","b",0
209,"Pos",6,"d","e",0
209,"Pos",6,"e","d",0
209,"Pos",6,"f","e",0
209,"Pos",6,"g","f",0
209,"Pos",6,"h","h",1
209,"Pos",6,"i","i",1
209,"Pos",7,"a","a",1
209,"Pos",7,"b","b",1
209,"Pos",7,"c","c",1
209,"Pos",7,"d","d",1
209,"Pos",7,"e","d",0
209,"Pos",7,"f","g",0
209,"Pos",7,"g","g",1
209,"Pos",7,"h","h",1
209,"Pos",7,"i","i",1
209,"Pos",8,"a","a",1
209,"Pos",8,"b","c",0
209,"Pos",8,"c","c",1
209,"Pos",8,"d","c",0
209,"Pos",8,"e","f",0
209,"Pos",8,"f","e",0
209,"Pos",8,"g","f",0
209,"Pos",8,"h","h",1
209,"Pos",8,"i","h",0
210,"Pos",1,"a","a",1
210,"Pos",1,"b","b",1
210,"Pos",1,"c","a",0
210,"Pos",1,"d","c",0
210,"Pos",1,"e","f",0
210,"Pos",1,"f","d",0
210,"Pos",1,"g","b",0
210,"Pos",1,"h","h",1
210,"Pos",1,"i","i",1
210,"Pos",2,"a","a",1
210,"Pos",2,"b","b",1
210,"Pos",2,"c","c",1
210,"Pos",2,"d","e",0
210,"Pos",2,"e","d",0
210,"Pos",2,"f","e",0
210,"Pos",2,"g","g",1
210,"Pos",2,"h","i",0
210,"Pos",2,"i","i",1
210,"Pos",3,"a","a",1
210,"Pos",3,"b","b",1
210,"Pos",3,"c","d",0
210,"Pos",3,"d","d",1
210,"Pos",3,"e","e",1
210,"Pos",3,"f","f",1
210,"Pos",3,"g","f",0
210,"Pos",3,"h","h",1
210,"Pos",3,"i","i",1
210,"Pos",4,"a","a",1
210,"Pos",4,"b","c",0
210,"Pos",4,"c","c",1
210,"Pos",4,"d","c",0
210,"Pos",4,"e","e",1
210,"Pos",4,"f","g",0
210,"Pos",4,"g","f",0
210,"Pos",4,"h","h",1
210,"Pos",4,"i","i",1
210,"Pos",5,"a","a",1
210,"Pos",5,"b","c",0
210,"Pos",5,"c","b",0
210,"Pos",5,"d","e",0
210,"Pos",5,"e","e",1
210,"Pos",5,"f","d",0
210,"Pos",5,"g","e",0
210,"Pos",5,"h","h",1
210,"Pos",5,"i","i",1
210,"Pos",6,"a","a",1
210,"Pos",6,"b","b",1
210,"Pos",6,"c","c",1
210,"Pos",6,"d","d",1
210,"Pos",6,"e","f",0
210,"Pos",6,"f","c",0
210,"Pos",6,"g","g",1
210,"Pos",6,"h","h",1
210,"Pos",6,"i","i",1
210,"Pos",7,"a","a",1
210,"Pos",7,"b","b",1
210,"Pos",7,"c","b",0
210,"Pos",7,"d","d",1
210,"Pos",7,"e","e",1
210,"Pos",7,"f","d",0
210,"Pos",7,"g","e",0
210,"Pos",7,"h","h",1
210,"Pos",7,"i","i",1
210,"Pos",8,"a","a",1
210,"Pos",8,"b","c",0
210,"Pos",8,"c","c",1
210,"Pos",8,"d","e",0
210,"Pos",8,"e","c",0
210,"Pos",8,"f","g",0
210,"Pos",8,"g","g",1
210,"Pos",8,"h","h",1
210,"Pos",8,"i","i",1
211,"Neg",1,"a","a",1
211,"Neg",1,"b","a",0
211,"Neg",1,"c","b",0
211,"Neg",1,"d","c",0
211,"Neg",1,"e","c",0
211,"Neg",1,"f","c",0
211,"Neg",1,"g","c",0
211,"Neg",1,"h","g",0
211,"Neg",1,"i","i",1
211,"Neg",2,"a","a",1
211,"Neg",2,"b","b",1
211,"Neg",2,"c","b",0
211,"Neg",2,"d","d",1
211,"Neg",2,"e","e",1
211,"Neg",2,"f","e",0
211,"Neg",2,"g","e",0
211,"Neg",2,"h","g",0
211,"Neg",2,"i","i",1
211,"Neg",3,"a","a",1
211,"Neg",3,"b","b",1
211,"Neg",3,"c","d",0
211,"Neg",3,"d","d",1
211,"Neg",3,"e","d",0
211,"Neg",3,"f","e",0
211,"Neg",3,"g","e",0
211,"Neg",3,"h","g",0
211,"Neg",3,"i","i",1
211,"Neg",4,"a","a",1
211,"Neg",4,"b","b",1
211,"Neg",4,"c","d",0
211,"Neg",4,"d","d",1
211,"Neg",4,"e","d",0
211,"Neg",4,"f","e",0
211,"Neg",4,"g","e",0
211,"Neg",4,"h","h",1
211,"Neg",4,"i","i",1
211,"Neg",5,"a","a",1
211,"Neg",5,"b","b",1
211,"Neg",5,"c","c",1
211,"Neg",5,"d","d",1
211,"Neg",5,"e","e",1
211,"Neg",5,"f","e",0
211,"Neg",5,"g","f",0
211,"Neg",5,"h","g",0
211,"Neg",5,"i","i",1
211,"Neg",6,"a","a",1
211,"Neg",6,"b","b",1
211,"Neg",6,"c","e",0
211,"Neg",6,"d","c",0
211,"Neg",6,"e","e",1
211,"Neg",6,"f","e",0
211,"Neg",6,"g","g",1
211,"Neg",6,"h","g",0
211,"Neg",6,"i","i",1
211,"Neg",7,"a","a",1
211,"Neg",7,"b","b",1
211,"Neg",7,"c","c",1
211,"Neg",7,"d","d",1
211,"Neg",7,"e","e",1
211,"Neg",7,"f","f",1
211,"Neg",7,"g","f",0
211,"Neg",7,"h","i",0
211,"Neg",7,"i","i",1
211,"Neg",8,"a","a",1
211,"Neg",8,"b","b",1
211,"Neg",8,"c","d",0
211,"Neg",8,"d","d",1
211,"Neg",8,"e","d",0
211,"Neg",8,"f","e",0
211,"Neg",8,"g","f",0
211,"Neg",8,"h","h",1
211,"Neg",8,"i","i",1
212,"Neg",1,"a","a",1
212,"Neg",1,"b","b",1
212,"Neg",1,"c","b",0
212,"Neg",1,"d","b",0
212,"Neg",1,"e","f",0
212,"Neg",1,"f","d",0
212,"Neg",1,"g","g",1
212,"Neg",1,"h","i",0
212,"Neg",1,"i","g",0
212,"Neg",2,"a","a",1
212,"Neg",2,"b","b",1
212,"Neg",2,"c","b",0
212,"Neg",2,"d","f",0
212,"Neg",2,"e","e",1
212,"Neg",2,"f","f",1
212,"Neg",2,"g","g",1
212,"Neg",2,"h","i",0
212,"Neg",2,"i","i",1
212,"Neg",3,"a","a",1
212,"Neg",3,"b","c",0
212,"Neg",3,"c","b",0
212,"Neg",3,"d","c",0
212,"Neg",3,"e","d",0
212,"Neg",3,"f","d",0
212,"Neg",3,"g","e",0
212,"Neg",3,"h","h",1
212,"Neg",3,"i","i",1
212,"Neg",4,"a","a",1
212,"Neg",4,"b","b",1
212,"Neg",4,"c","b",0
212,"Neg",4,"d","c",0
212,"Neg",4,"e","d",0
212,"Neg",4,"f","e",0
212,"Neg",4,"g","g",1
212,"Neg",4,"h","h",1
212,"Neg",4,"i","i",1
212,"Neg",5,"a","a",1
212,"Neg",5,"b","b",1
212,"Neg",5,"c","c",1
212,"Neg",5,"d","e",0
212,"Neg",5,"e","e",1
212,"Neg",5,"f","f",1
212,"Neg",5,"g","g",1
212,"Neg",5,"h","h",1
212,"Neg",5,"i","i",1
212,"Neg",6,"a","a",1
212,"Neg",6,"b","b",1
212,"Neg",6,"c","c",1
212,"Neg",6,"d","d",1
212,"Neg",6,"e","d",0
212,"Neg",6,"f","f",1
212,"Neg",6,"g","g",1
212,"Neg",6,"h","h",1
212,"Neg",6,"i","i",1
212,"Neg",7,"a","b",0
212,"Neg",7,"b","b",1
212,"Neg",7,"c","c",1
212,"Neg",7,"d","e",0
212,"Neg",7,"e","g",0
212,"Neg",7,"f","e",0
212,"Neg",7,"g","g",1
212,"Neg",7,"h","h",1
212,"Neg",7,"i","i",1
212,"Neg",8,"a","a",1
212,"Neg",8,"b","b",1
212,"Neg",8,"c","c",1
212,"Neg",8,"d","d",1
212,"Neg",8,"e","d",0
212,"Neg",8,"f","g",0
212,"Neg",8,"g","f",0
212,"Neg",8,"h","h",1
212,"Neg",8,"i","i",1
213,"Pos",1,"a","a",1
213,"Pos",1,"b","c",0
213,"Pos",1,"c","a",0
213,"Pos",1,"d","c",0
213,"Pos",1,"e","c",0
213,"Pos",1,"f","d",0
213,"Pos",1,"g","i",0
213,"Pos",1,"h","h",1
213,"Pos",1,"i","g",0
213,"Pos",2,"a","b",0
213,"Pos",2,"b","c",0
213,"Pos",2,"c","c",1
213,"Pos",2,"d","d",1
213,"Pos",2,"e","f",0
213,"Pos",2,"f","g",0
213,"Pos",2,"g","i",0
213,"Pos",2,"h","g",0
213,"Pos",2,"i","h",0
213,"Pos",3,"a","a",1
213,"Pos",3,"b","b",1
213,"Pos",3,"c","c",1
213,"Pos",3,"d","d",1
213,"Pos",3,"e","c",0
213,"Pos",3,"f","d",0
213,"Pos",3,"g","e",0
213,"Pos",3,"h","d",0
213,"Pos",3,"i","g",0
213,"Pos",4,"a","a",1
213,"Pos",4,"b","c",0
213,"Pos",4,"c","c",1
213,"Pos",4,"d","d",1
213,"Pos",4,"e","d",0
213,"Pos",4,"f","g",0
213,"Pos",4,"g","d",0
213,"Pos",4,"h","g",0
213,"Pos",4,"i","g",0
213,"Pos",5,"a","a",1
213,"Pos",5,"b","a",0
213,"Pos",5,"c","c",1
213,"Pos",5,"d","d",1
213,"Pos",5,"e","g",0
213,"Pos",5,"f","f",1
213,"Pos",5,"g","d",0
213,"Pos",5,"h","h",1
213,"Pos",5,"i","i",1
213,"Pos",6,"a","a",1
213,"Pos",6,"b","a",0
213,"Pos",6,"c","c",1
213,"Pos",6,"d","d",1
213,"Pos",6,"e","d",0
213,"Pos",6,"f","e",0
213,"Pos",6,"g","g",1
213,"Pos",6,"h","h",1
213,"Pos",6,"i","i",1
213,"Pos",7,"a","a",1
213,"Pos",7,"b","b",1
213,"Pos",7,"c","c",1
213,"Pos",7,"d","f",0
213,"Pos",7,"e","e",1
213,"Pos",7,"f","f",1
213,"Pos",7,"g","d",0
213,"Pos",7,"h","f",0
213,"Pos",7,"i","h",0
213,"Pos",8,"a","a",1
213,"Pos",8,"b","a",0
213,"Pos",8,"c","c",1
213,"Pos",8,"d","b",0
213,"Pos",8,"e","d",0
213,"Pos",8,"f","e",0
213,"Pos",8,"g","f",0
213,"Pos",8,"h","i",0
213,"Pos",8,"i","h",0
214,"Pos",1,"a","a",1
214,"Pos",1,"b","a",0
214,"Pos",1,"c","h",0
214,"Pos",1,"d","h",0
214,"Pos",1,"e","g",0
214,"Pos",1,"f","h",0
214,"Pos",1,"g","h",0
214,"Pos",1,"h","i",0
214,"Pos",1,"i","i",1
214,"Pos",2,"a","a",1
214,"Pos",2,"b","a",0
214,"Pos",2,"c","b",0
214,"Pos",2,"d","h",0
214,"Pos",2,"e","g",0
214,"Pos",2,"f","h",0
214,"Pos",2,"g","b",0
214,"Pos",2,"h","g",0
214,"Pos",2,"i","i",1
214,"Pos",3,"a","a",1
214,"Pos",3,"b","b",1
214,"Pos",3,"c","d",0
214,"Pos",3,"d","c",0
214,"Pos",3,"e","h",0
214,"Pos",3,"f","g",0
214,"Pos",3,"g","h",0
214,"Pos",3,"h","g",0
214,"Pos",3,"i","i",1
214,"Pos",4,"a","a",1
214,"Pos",4,"b","b",1
214,"Pos",4,"c","d",0
214,"Pos",4,"d","c",0
214,"Pos",4,"e","d",0
214,"Pos",4,"f","h",0
214,"Pos",4,"g","f",0
214,"Pos",4,"h","f",0
214,"Pos",4,"i","i",1
214,"Pos",5,"a","a",1
214,"Pos",5,"b","a",0
214,"Pos",5,"c","c",1
214,"Pos",5,"d","d",1
214,"Pos",5,"e","b",0
214,"Pos",5,"f","f",1
214,"Pos",5,"g","g",1
214,"Pos",5,"h","h",1
214,"Pos",5,"i","i",1
214,"Pos",6,"a","b",0
214,"Pos",6,"b","c",0
214,"Pos",6,"c","c",1
214,"Pos",6,"d","f",0
214,"Pos",6,"e","c",0
214,"Pos",6,"f","f",1
214,"Pos",6,"g","g",1
214,"Pos",6,"h","h",1
214,"Pos",6,"i","i",1
214,"Pos",7,"a","a",1
214,"Pos",7,"b","b",1
214,"Pos",7,"c","c",1
214,"Pos",7,"d","d",1
214,"Pos",7,"e","f",0
214,"Pos",7,"f","d",0
214,"Pos",7,"g","g",1
214,"Pos",7,"h","h",1
214,"Pos",7,"i","i",1
214,"Pos",8,"a","a",1
214,"Pos",8,"b","d",0
214,"Pos",8,"c","b",0
214,"Pos",8,"d","f",0
214,"Pos",8,"e","e",1
214,"Pos",8,"f","f",1
214,"Pos",8,"g","g",1
214,"Pos",8,"h","h",1
214,"Pos",8,"i","i",1
215,"Neg",1,"a","a",1
215,"Neg",1,"b","a",0
215,"Neg",1,"c","c",1
215,"Neg",1,"d","b",0
215,"Neg",1,"e","i",0
215,"Neg",1,"f","g",0
215,"Neg",1,"g","g",1
215,"Neg",1,"h","c",0
215,"Neg",1,"i","c",0
215,"Neg",2,"a","a",1
215,"Neg",2,"b","b",1
215,"Neg",2,"c","b",0
215,"Neg",2,"d","d",1
215,"Neg",2,"e","e",1
215,"Neg",2,"f","d",0
215,"Neg",2,"g","e",0
215,"Neg",2,"h","h",1
215,"Neg",2,"i","i",1
215,"Neg",3,"a","a",1
215,"Neg",3,"b","b",1
215,"Neg",3,"c","c",1
215,"Neg",3,"d","d",1
215,"Neg",3,"e","e",1
215,"Neg",3,"f","f",1
215,"Neg",3,"g","g",1
215,"Neg",3,"h","g",0
215,"Neg",3,"i","i",1
215,"Neg",4,"a","a",1
215,"Neg",4,"b","a",0
215,"Neg",4,"c","b",0
215,"Neg",4,"d","d",1
215,"Neg",4,"e","e",1
215,"Neg",4,"f","g",0
215,"Neg",4,"g","g",1
215,"Neg",4,"h","h",1
215,"Neg",4,"i","i",1
215,"Neg",5,"a","a",1
215,"Neg",5,"b","b",1
215,"Neg",5,"c","c",1
215,"Neg",5,"d","d",1
215,"Neg",5,"e","f",0
215,"Neg",5,"f","f",1
215,"Neg",5,"g","f",0
215,"Neg",5,"h","h",1
215,"Neg",5,"i","i",1
215,"Neg",6,"a","a",1
215,"Neg",6,"b","b",1
215,"Neg",6,"c","c",1
215,"Neg",6,"d","d",1
215,"Neg",6,"e","f",0
215,"Neg",6,"f","f",1
215,"Neg",6,"g","g",1
215,"Neg",6,"h","i",0
215,"Neg",6,"i","i",1
215,"Neg",7,"a","a",1
215,"Neg",7,"b","a",0
215,"Neg",7,"c","c",1
215,"Neg",7,"d","c",0
215,"Neg",7,"e","e",1
215,"Neg",7,"f","e",0
215,"Neg",7,"g","e",0
215,"Neg",7,"h","h",1
215,"Neg",7,"i","i",1
215,"Neg",8,"a","a",1
215,"Neg",8,"b","a",0
215,"Neg",8,"c","c",1
215,"Neg",8,"d","d",1
215,"Neg",8,"e","d",0
215,"Neg",8,"f","f",1
215,"Neg",8,"g","h",0
215,"Neg",8,"h","h",1
215,"Neg",8,"i","i",1
216,"Neg",1,"a","a",1
216,"Neg",1,"b","b",1
216,"Neg",1,"c","c",1
216,"Neg",1,"d","d",1
216,"Neg",1,"e","d",0
216,"Neg",1,"f","f",1
216,"Neg",1,"g","f",0
216,"Neg",1,"h","h",1
216,"Neg",1,"i","i",1
216,"Neg",2,"a","b",0
216,"Neg",2,"b","b",1
216,"Neg",2,"c","c",1
216,"Neg",2,"d","c",0
216,"Neg",2,"e","e",1
216,"Neg",2,"f","e",0
216,"Neg",2,"g","g",1
216,"Neg",2,"h","i",0
216,"Neg",2,"i","i",1
216,"Neg",3,"a","a",1
216,"Neg",3,"b","b",1
216,"Neg",3,"c","c",1
216,"Neg",3,"d","d",1
216,"Neg",3,"e","d",0
216,"Neg",3,"f","g",0
216,"Neg",3,"g","g",1
216,"Neg",3,"h","g",0
216,"Neg",3,"i","i",1
216,"Neg",4,"a","a",1
216,"Neg",4,"b","b",1
216,"Neg",4,"c","c",1
216,"Neg",4,"d","c",0
216,"Neg",4,"e","h",0
216,"Neg",4,"f","e",0
216,"Neg",4,"g","g",1
216,"Neg",4,"h","h",1
216,"Neg",4,"i","i",1
216,"Neg",5,"a","a",1
216,"Neg",5,"b","b",1
216,"Neg",5,"c","c",1
216,"Neg",5,"d","d",1
216,"Neg",5,"e","f",0
216,"Neg",5,"f","f",1
216,"Neg",5,"g","h",0
216,"Neg",5,"h","g",0
216,"Neg",5,"i","i",1
216,"Neg",6,"a","a",1
216,"Neg",6,"b","b",1
216,"Neg",6,"c","d",0
216,"Neg",6,"d","e",0
216,"Neg",6,"e","e",1
216,"Neg",6,"f","f",1
216,"Neg",6,"g","g",1
216,"Neg",6,"h","h",1
216,"Neg",6,"i","i",1
216,"Neg",7,"a","a",1
216,"Neg",7,"b","b",1
216,"Neg",7,"c","b",0
216,"Neg",7,"d","d",1
216,"Neg",7,"e","d",0
216,"Neg",7,"f","d",0
216,"Neg",7,"g","g",1
216,"Neg",7,"h","h",1
216,"Neg",7,"i","i",1
216,"Neg",8,"a","a",1
216,"Neg",8,"b","b",1
216,"Neg",8,"c","e",0
216,"Neg",8,"d","d",1
216,"Neg",8,"e","f",0
216,"Neg",8,"f","f",1
216,"Neg",8,"g","g",1
216,"Neg",8,"h","i",0
216,"Neg",8,"i","i",1
217,"Pos",1,"a","a",1
217,"Pos",1,"b","c",0
217,"Pos",1,"c","c",1
217,"Pos",1,"d","c",0
217,"Pos",1,"e","d",0
217,"Pos",1,"f","e",0
217,"Pos",1,"g","h",0
217,"Pos",1,"h","h",1
217,"Pos",1,"i","h",0
217,"Pos",2,"a","a",1
217,"Pos",2,"b","c",0
217,"Pos",2,"c","c",1
217,"Pos",2,"d","e",0
217,"Pos",2,"e","d",0
217,"Pos",2,"f","d",0
217,"Pos",2,"g","g",1
217,"Pos",2,"h","f",0
217,"Pos",2,"i","i",1
217,"Pos",3,"a","b",0
217,"Pos",3,"b","c",0
217,"Pos",3,"c","c",1
217,"Pos",3,"d","c",0
217,"Pos",3,"e","d",0
217,"Pos",3,"f","g",0
217,"Pos",3,"g","e",0
217,"Pos",3,"h","g",0
217,"Pos",3,"i","h",0
217,"Pos",4,"a","a",1
217,"Pos",4,"b","b",1
217,"Pos",4,"c","c",1
217,"Pos",4,"d","e",0
217,"Pos",4,"e","f",0
217,"Pos",4,"f","g",0
217,"Pos",4,"g","f",0
217,"Pos",4,"h","i",0
217,"Pos",4,"i","h",0
217,"Pos",5,"a","b",0
217,"Pos",5,"b","c",0
217,"Pos",5,"c","c",1
217,"Pos",5,"d","d",1
217,"Pos",5,"e","d",0
217,"Pos",5,"f","e",0
217,"Pos",5,"g","f",0
217,"Pos",5,"h","h",1
217,"Pos",5,"i","i",1
217,"Pos",6,"a","a",1
217,"Pos",6,"b","b",1
217,"Pos",6,"c","c",1
217,"Pos",6,"d","d",1
217,"Pos",6,"e","c",0
217,"Pos",6,"f","d",0
217,"Pos",6,"g","g",1
217,"Pos",6,"h","i",0
217,"Pos",6,"i","i",1
217,"Pos",7,"a","a",1
217,"Pos",7,"b","b",1
217,"Pos",7,"c","c",1
217,"Pos",7,"d","c",0
217,"Pos",7,"e","d",0
217,"Pos",7,"f","e",0
217,"Pos",7,"g","g",1
217,"Pos",7,"h","h",1
217,"Pos",7,"i","i",1
217,"Pos",8,"a","a",1
217,"Pos",8,"b","b",1
217,"Pos",8,"c","c",1
217,"Pos",8,"d","d",1
217,"Pos",8,"e","d",0
217,"Pos",8,"f","e",0
217,"Pos",8,"g","e",0
217,"Pos",8,"h","g",0
217,"Pos",8,"i","i",1
218,"Pos",1,"a","i",0
218,"Pos",1,"b","b",1
218,"Pos",1,"c","i",0
218,"Pos",1,"d","i",0
218,"Pos",1,"e","b",0
218,"Pos",1,"f","d",0
218,"Pos",1,"g","b",0
218,"Pos",1,"h","b",0
218,"Pos",1,"i","i",1
218,"Pos",2,"a","a",1
218,"Pos",2,"b","a",0
218,"Pos",2,"c","a",0
218,"Pos",2,"d","b",0
218,"Pos",2,"e","b",0
218,"Pos",2,"f","d",0
218,"Pos",2,"g","c",0
218,"Pos",2,"h","i",0
218,"Pos",2,"i","h",0
218,"Pos",3,"a","a",1
218,"Pos",3,"b","a",0
218,"Pos",3,"c","b",0
218,"Pos",3,"d","c",0
218,"Pos",3,"e","d",0
218,"Pos",3,"f","f",1
218,"Pos",3,"g","d",0
218,"Pos",3,"h","i",0
218,"Pos",3,"i","h",0
218,"Pos",4,"a","a",1
218,"Pos",4,"b","a",0
218,"Pos",4,"c","b",0
218,"Pos",4,"d","c",0
218,"Pos",4,"e","d",0
218,"Pos",4,"f","e",0
218,"Pos",4,"g","d",0
218,"Pos",4,"h","h",1
218,"Pos",4,"i","h",0
218,"Pos",5,"a","a",1
218,"Pos",5,"b","b",1
218,"Pos",5,"c","b",0
218,"Pos",5,"d","d",1
218,"Pos",5,"e","e",1
218,"Pos",5,"f","d",0
218,"Pos",5,"g","e",0
218,"Pos",5,"h","g",0
218,"Pos",5,"i","i",1
218,"Pos",6,"a","a",1
218,"Pos",6,"b","b",1
218,"Pos",6,"c","c",1
218,"Pos",6,"d","f",0
218,"Pos",6,"e","c",0
218,"Pos",6,"f","g",0
218,"Pos",6,"g","g",1
218,"Pos",6,"h","h",1
218,"Pos",6,"i","i",1
218,"Pos",7,"a","a",1
218,"Pos",7,"b","b",1
218,"Pos",7,"c","c",1
218,"Pos",7,"d","d",1
218,"Pos",7,"e","d",0
218,"Pos",7,"f","f",1
218,"Pos",7,"g","h",0
218,"Pos",7,"h","g",0
218,"Pos",7,"i","h",0
218,"Pos",8,"a","a",1
218,"Pos",8,"b","b",1
218,"Pos",8,"c","c",1
218,"Pos",8,"d","e",0
218,"Pos",8,"e","d",0
218,"Pos",8,"f","e",0
218,"Pos",8,"g","f",0
218,"Pos",8,"h","f",0
218,"Pos",8,"i","i",1
219,"Neg",1,"a","a",1
219,"Neg",1,"b","a",0
219,"Neg",1,"c","c",1
219,"Neg",1,"d","d",1
219,"Neg",1,"e","b",0
219,"Neg",1,"f","e",0
219,"Neg",1,"g","f",0
219,"Neg",1,"h","f",0
219,"Neg",1,"i","i",1
219,"Neg",2,"a","a",1
219,"Neg",2,"b","b",1
219,"Neg",2,"c","d",0
219,"Neg",2,"d","c",0
219,"Neg",2,"e","d",0
219,"Neg",2,"f","d",0
219,"Neg",2,"g","f",0
219,"Neg",2,"h","h",1
219,"Neg",2,"i","i",1
219,"Neg",3,"a","a",1
219,"Neg",3,"b","c",0
219,"Neg",3,"c","d",0
219,"Neg",3,"d","d",1
219,"Neg",3,"e","f",0
219,"Neg",3,"f","e",0
219,"Neg",3,"g","e",0
219,"Neg",3,"h","h",1
219,"Neg",3,"i","i",1
219,"Neg",4,"a","a",1
219,"Neg",4,"b","b",1
219,"Neg",4,"c","c",1
219,"Neg",4,"d","d",1
219,"Neg",4,"e","d",0
219,"Neg",4,"f","f",1
219,"Neg",4,"g","g",1
219,"Neg",4,"h","h",1
219,"Neg",4,"i","i",1
219,"Neg",5,"a","a",1
219,"Neg",5,"b","b",1
219,"Neg",5,"c","c",1
219,"Neg",5,"d","d",1
219,"Neg",5,"e","d",0
219,"Neg",5,"f","e",0
219,"Neg",5,"g","f",0
219,"Neg",5,"h","g",0
219,"Neg",5,"i","i",1
219,"Neg",6,"a","a",1
219,"Neg",6,"b","b",1
219,"Neg",6,"c","b",0
219,"Neg",6,"d","f",0
219,"Neg",6,"e","d",0
219,"Neg",6,"f","f",1
219,"Neg",6,"g","e",0
219,"Neg",6,"h","h",1
219,"Neg",6,"i","i",1
219,"Neg",7,"a","a",1
219,"Neg",7,"b","b",1
219,"Neg",7,"c","c",1
219,"Neg",7,"d","c",0
219,"Neg",7,"e","d",0
219,"Neg",7,"f","e",0
219,"Neg",7,"g","h",0
219,"Neg",7,"h","h",1
219,"Neg",7,"i","i",1
219,"Neg",8,"a","a",1
219,"Neg",8,"b","b",1
219,"Neg",8,"c","d",0
219,"Neg",8,"d","d",1
219,"Neg",8,"e","d",0
219,"Neg",8,"f","e",0
219,"Neg",8,"g","e",0
219,"Neg",8,"h","h",1
219,"Neg",8,"i","i",1
220,"Neg",1,"a","a",1
220,"Neg",1,"b","b",1
220,"Neg",1,"c","c",1
220,"Neg",1,"d","d",1
220,"Neg",1,"e","f",0
220,"Neg",1,"f","d",0
220,"Neg",1,"g","i",0
220,"Neg",1,"h","f",0
220,"Neg",1,"i","i",1
220,"Neg",2,"a","a",1
220,"Neg",2,"b","b",1
220,"Neg",2,"c","c",1
220,"Neg",2,"d","c",0
220,"Neg",2,"e","e",1
220,"Neg",2,"f","e",0
220,"Neg",2,"g","e",0
220,"Neg",2,"h","i",0
220,"Neg",2,"i","i",1
220,"Neg",3,"a","a",1
220,"Neg",3,"b","b",1
220,"Neg",3,"c","c",1
220,"Neg",3,"d","d",1
220,"Neg",3,"e","e",1
220,"Neg",3,"f","f",1
220,"Neg",3,"g","g",1
220,"Neg",3,"h","h",1
220,"Neg",3,"i","i",1
220,"Neg",4,"a","a",1
220,"Neg",4,"b","a",0
220,"Neg",4,"c","b",0
220,"Neg",4,"d","c",0
220,"Neg",4,"e","f",0
220,"Neg",4,"f","e",0
220,"Neg",4,"g","e",0
220,"Neg",4,"h","h",1
220,"Neg",4,"i","i",1
220,"Neg",5,"a","a",1
220,"Neg",5,"b","c",0
220,"Neg",5,"c","c",1
220,"Neg",5,"d","d",1
220,"Neg",5,"e","e",1
220,"Neg",5,"f","f",1
220,"Neg",5,"g","f",0
220,"Neg",5,"h","h",1
220,"Neg",5,"i","i",1
220,"Neg",6,"a","a",1
220,"Neg",6,"b","c",0
220,"Neg",6,"c","c",1
220,"Neg",6,"d","e",0
220,"Neg",6,"e","f",0
220,"Neg",6,"f","f",1
220,"Neg",6,"g","f",0
220,"Neg",6,"h","h",1
220,"Neg",6,"i","i",1
220,"Neg",7,"a","a",1
220,"Neg",7,"b","a",0
220,"Neg",7,"c","c",1
220,"Neg",7,"d","c",0
220,"Neg",7,"e","e",1
220,"Neg",7,"f","g",0
220,"Neg",7,"g","g",1
220,"Neg",7,"h","h",1
220,"Neg",7,"i","i",1
220,"Neg",8,"a","a",1
220,"Neg",8,"b","b",1
220,"Neg",8,"c","d",0
220,"Neg",8,"d","c",0
220,"Neg",8,"e","e",1
220,"Neg",8,"f","f",1
220,"Neg",8,"g","g",1
220,"Neg",8,"h","g",0
220,"Neg",8,"i","i",1
221,"Pos",1,"a","a",1
221,"Pos",1,"b","a",0
221,"Pos",1,"c","b",0
221,"Pos",1,"d","c",0
221,"Pos",1,"e","d",0
221,"Pos",1,"f","d",0
221,"Pos",1,"g","d",0
221,"Pos",1,"h","f",0
221,"Pos",1,"i","i",1
221,"Pos",2,"a","a",1
221,"Pos",2,"b","a",0
221,"Pos",2,"c","d",0
221,"Pos",2,"d","d",1
221,"Pos",2,"e","c",0
221,"Pos",2,"f","h",0
221,"Pos",2,"g","h",0
221,"Pos",2,"h","g",0
221,"Pos",2,"i","i",1
221,"Pos",3,"a","a",1
221,"Pos",3,"b","b",1
221,"Pos",3,"c","c",1
221,"Pos",3,"d","d",1
221,"Pos",3,"e","e",1
221,"Pos",3,"f","g",0
221,"Pos",3,"g","g",1
221,"Pos",3,"h","h",1
221,"Pos",3,"i","i",1
221,"Pos",4,"a","a",1
221,"Pos",4,"b","b",1
221,"Pos",4,"c","b",0
221,"Pos",4,"d","d",1
221,"Pos",4,"e","d",0
221,"Pos",4,"f","d",0
221,"Pos",4,"g","g",1
221,"Pos",4,"h","g",0
221,"Pos",4,"i","i",1
221,"Pos",5,"a","a",1
221,"Pos",5,"b","b",1
221,"Pos",5,"c","b",0
221,"Pos",5,"d","c",0
221,"Pos",5,"e","d",0
221,"Pos",5,"f","f",1
221,"Pos",5,"g","g",1
221,"Pos",5,"h","g",0
221,"Pos",5,"i","i",1
221,"Pos",6,"a","a",1
221,"Pos",6,"b","b",1
221,"Pos",6,"c","c",1
221,"Pos",6,"d","f",0
221,"Pos",6,"e","b",0
221,"Pos",6,"f","g",0
221,"Pos",6,"g","d",0
221,"Pos",6,"h","g",0
221,"Pos",6,"i","i",1
221,"Pos",7,"a","a",1
221,"Pos",7,"b","b",1
221,"Pos",7,"c","b",0
221,"Pos",7,"d","d",1
221,"Pos",7,"e","e",1
221,"Pos",7,"f","e",0
221,"Pos",7,"g","g",1
221,"Pos",7,"h","h",1
221,"Pos",7,"i","i",1
221,"Pos",8,"a","a",1
221,"Pos",8,"b","b",1
221,"Pos",8,"c","b",0
221,"Pos",8,"d","c",0
221,"Pos",8,"e","d",0
221,"Pos",8,"f","g",0
221,"Pos",8,"g","g",1
221,"Pos",8,"h","h",1
221,"Pos",8,"i","i",1
222,"Pos",1,"a","a",1
222,"Pos",1,"b","a",0
222,"Pos",1,"c","c",1
222,"Pos",1,"d","c",0
222,"Pos",1,"e","e",1
222,"Pos",1,"f","f",1
222,"Pos",1,"g","f",0
222,"Pos",1,"h","h",1
222,"Pos",1,"i","i",1
222,"Pos",2,"a","a",1
222,"Pos",2,"b","b",1
222,"Pos",2,"c","d",0
222,"Pos",2,"d","c",0
222,"Pos",2,"e","e",1
222,"Pos",2,"f","e",0
222,"Pos",2,"g","g",1
222,"Pos",2,"h","h",1
222,"Pos",2,"i","i",1
222,"Pos",3,"a","a",1
222,"Pos",3,"b","c",0
222,"Pos",3,"c","c",1
222,"Pos",3,"d","f",0
222,"Pos",3,"e","d",0
222,"Pos",3,"f","d",0
222,"Pos",3,"g","g",1
222,"Pos",3,"h","g",0
222,"Pos",3,"i","i",1
222,"Pos",4,"a","a",1
222,"Pos",4,"b","b",1
222,"Pos",4,"c","c",1
222,"Pos",4,"d","d",1
222,"Pos",4,"e","e",1
222,"Pos",4,"f","g",0
222,"Pos",4,"g","g",1
222,"Pos",4,"h","h",1
222,"Pos",4,"i","i",1
222,"Pos",5,"a","a",1
222,"Pos",5,"b","b",1
222,"Pos",5,"c","c",1
222,"Pos",5,"d","d",1
222,"Pos",5,"e","d",0
222,"Pos",5,"f","f",1
222,"Pos",5,"g","f",0
222,"Pos",5,"h","h",1
222,"Pos",5,"i","i",1
222,"Pos",6,"a","a",1
222,"Pos",6,"b","a",0
222,"Pos",6,"c","c",1
222,"Pos",6,"d","c",0
222,"Pos",6,"e","d",0
222,"Pos",6,"f","d",0
222,"Pos",6,"g","g",1
222,"Pos",6,"h","h",1
222,"Pos",6,"i","i",1
222,"Pos",7,"a","a",1
222,"Pos",7,"b","b",1
222,"Pos",7,"c","b",0
222,"Pos",7,"d","d",1
222,"Pos",7,"e","e",1
222,"Pos",7,"f","d",0
222,"Pos",7,"g","c",0
222,"Pos",7,"h","g",0
222,"Pos",7,"i","i",1
222,"Pos",8,"a","a",1
222,"Pos",8,"b","b",1
222,"Pos",8,"c","c",1
222,"Pos",8,"d","c",0
222,"Pos",8,"e","e",1
222,"Pos",8,"f","e",0
222,"Pos",8,"g","e",0
222,"Pos",8,"h","g",0
222,"Pos",8,"i","i",1
1193,"Pos",1,"a","a",1
1193,"Pos",1,"b","a",0
1193,"Pos",1,"c","c",1
1193,"Pos",1,"d","d",1
1193,"Pos",1,"e","d",0
1193,"Pos",1,"f","f",1
1193,"Pos",1,"g","e",0
1193,"Pos",1,"h","g",0
1193,"Pos",1,"i","i",1
1193,"Pos",2,"a","a",1
1193,"Pos",2,"b","a",0
1193,"Pos",2,"c","c",1
1193,"Pos",2,"d","f",0
1193,"Pos",2,"e","e",1
1193,"Pos",2,"f","g",0
1193,"Pos",2,"g","f",0
1193,"Pos",2,"h","h",1
1193,"Pos",2,"i","i",1
1193,"Pos",3,"a","b",0
1193,"Pos",3,"b","b",1
1193,"Pos",3,"c","d",0
1193,"Pos",3,"d","c",0
1193,"Pos",3,"e","d",0
1193,"Pos",3,"f","f",1
1193,"Pos",3,"g","e",0
1193,"Pos",3,"h","h",1
1193,"Pos",3,"i","i",1
1193,"Pos",4,"a","a",1
1193,"Pos",4,"b","c",0
1193,"Pos",4,"c","c",1
1193,"Pos",4,"d","c",0
1193,"Pos",4,"e","e",1
1193,"Pos",4,"f","e",0
1193,"Pos",4,"g","g",1
1193,"Pos",4,"h","h",1
1193,"Pos",4,"i","i",1
1193,"Pos",5,"a","a",1
1193,"Pos",5,"b","b",1
1193,"Pos",5,"c","c",1
1193,"Pos",5,"d","d",1
1193,"Pos",5,"e","f",0
1193,"Pos",5,"f","f",1
1193,"Pos",5,"g","f",0
1193,"Pos",5,"h","g",0
1193,"Pos",5,"i","i",1
1193,"Pos",6,"a","b",0
1193,"Pos",6,"b","b",1
1193,"Pos",6,"c","d",0
1193,"Pos",6,"d","c",0
1193,"Pos",6,"e","d",0
1193,"Pos",6,"f","f",1
1193,"Pos",6,"g","g",1
1193,"Pos",6,"h","h",1
1193,"Pos",6,"i","i",1
1193,"Pos",7,"a","a",1
1193,"Pos",7,"b","c",0
1193,"Pos",7,"c","d",0
1193,"Pos",7,"d","e",0
1193,"Pos",7,"e","e",1
1193,"Pos",7,"f","f",1
1193,"Pos",7,"g","g",1
1193,"Pos",7,"h","h",1
1193,"Pos",7,"i","i",1
1193,"Pos",8,"a","a",1
1193,"Pos",8,"b","b",1
1193,"Pos",8,"c","d",0
1193,"Pos",8,"d","d",1
1193,"Pos",8,"e","d",0
1193,"Pos",8,"f","f",1
1193,"Pos",8,"g","f",0
1193,"Pos",8,"h","h",1
1193,"Pos",8,"i","i",1
