"Subject","Cond","Skew","Trial","Label","PSize","NSize","Est"
168,4,"Neg",1,"h",130,150,77
168,4,"Neg",2,"d",70,110,53
168,4,"Neg",3,"a",40,40,30
168,4,"Neg",4,"c",60,100,39
168,4,"Neg",5,"b",50,70,35
168,4,"Neg",6,"g",100,140,68
168,4,"Neg",7,"f",90,130,59
168,4,"Neg",8,"i",160,160,111
168,4,"Neg",9,"e",80,120,47
168,4,"Neg",10,"f",90,130,56
168,4,"Neg",11,"d",70,110,50
168,4,"Neg",12,"h",130,150,80
168,4,"Neg",13,"e",80,120,53
168,4,"Neg",14,"b",50,70,36
168,4,"Neg",15,"i",160,160,107
168,4,"Neg",16,"a",40,40,29
168,4,"Neg",17,"g",100,140,70
168,4,"Neg",18,"c",60,100,44
168,4,"Neg",19,"f",90,130,54
168,4,"Neg",20,"e",80,120,48
168,4,"Neg",21,"b",50,70,35
168,4,"Neg",22,"i",160,160,108
168,4,"Neg",23,"g",100,140,66
168,4,"Neg",24,"a",40,40,28
168,4,"Neg",25,"d",70,110,45
168,4,"Neg",26,"h",130,150,88
168,4,"Neg",27,"c",60,100,41
169,5,"Pos",1,"e",80,120,101
169,5,"Pos",2,"h",130,150,165
169,5,"Pos",3,"a",40,40,34
169,5,"Pos",4,"g",100,140,123
169,5,"Pos",5,"d",70,110,63
169,5,"Pos",6,"i",160,160,188
169,5,"Pos",7,"b",50,70,57
169,5,"Pos",8,"f",90,130,100
169,5,"Pos",9,"c",60,100,63
169,5,"Pos",10,"i",160,160,188
169,5,"Pos",11,"d",70,110,75
169,5,"Pos",12,"b",50,70,42
169,5,"Pos",13,"a",40,40,38
169,5,"Pos",14,"f",90,130,107
169,5,"Pos",15,"c",60,100,79
169,5,"Pos",16,"h",130,150,193
169,5,"Pos",17,"g",100,140,170
169,5,"Pos",18,"e",80,120,111
169,5,"Pos",19,"h",130,150,209
169,5,"Pos",20,"f",90,130,117
169,5,"Pos",21,"c",60,100,70
169,5,"Pos",22,"e",80,120,118
169,5,"Pos",23,"b",50,70,59
169,5,"Pos",24,"d",70,110,83
169,5,"Pos",25,"i",160,160,212
169,5,"Pos",26,"g",100,140,156
169,5,"Pos",27,"a",40,40,38
170,6,"Pos",1,"a",40,40,28
170,6,"Pos",2,"h",130,150,131
170,6,"Pos",3,"g",100,140,118
170,6,"Pos",4,"c",60,100,60
170,6,"Pos",5,"f",90,130,112
170,6,"Pos",6,"i",160,160,165
170,6,"Pos",7,"b",50,70,48
170,6,"Pos",8,"d",70,110,76
170,6,"Pos",9,"e",80,120,80
170,6,"Pos",10,"a",40,40,34
170,6,"Pos",11,"c",60,100,68
170,6,"Pos",12,"d",70,110,77
170,6,"Pos",13,"g",100,140,115
170,6,"Pos",14,"h",130,150,180
170,6,"Pos",15,"b",50,70,52
170,6,"Pos",16,"e",80,120,110
170,6,"Pos",17,"f",90,130,138
170,6,"Pos",18,"i",160,160,174
170,6,"Pos",19,"i",160,160,180
170,6,"Pos",20,"g",100,140,150
170,6,"Pos",21,"f",90,130,147
170,6,"Pos",22,"d",70,110,118
170,6,"Pos",23,"c",60,100,85
170,6,"Pos",24,"e",80,120,100
170,6,"Pos",25,"a",40,40,33
170,6,"Pos",26,"h",130,150,163
170,6,"Pos",27,"b",50,70,62
171,7,"Neg",1,"f",90,130,149
171,7,"Neg",2,"b",50,70,53
171,7,"Neg",3,"h",130,150,167
171,7,"Neg",4,"g",100,140,150
171,7,"Neg",5,"d",70,110,103
171,7,"Neg",6,"e",80,120,147
171,7,"Neg",7,"a",40,40,35
171,7,"Neg",8,"i",160,160,180
171,7,"Neg",9,"c",60,100,69
171,7,"Neg",10,"i",160,160,201
171,7,"Neg",11,"f",90,130,156
171,7,"Neg",12,"a",40,40,39
171,7,"Neg",13,"h",130,150,152
171,7,"Neg",14,"b",50,70,56
171,7,"Neg",15,"d",70,110,110
171,7,"Neg",16,"e",80,120,145
171,7,"Neg",17,"g",100,140,161
171,7,"Neg",18,"c",60,100,86
171,7,"Neg",19,"d",70,110,112
171,7,"Neg",20,"i",160,160,192
171,7,"Neg",21,"a",40,40,39
171,7,"Neg",22,"b",50,70,62
171,7,"Neg",23,"h",130,150,155
171,7,"Neg",24,"c",60,100,98
171,7,"Neg",25,"f",90,130,155
171,7,"Neg",26,"e",80,120,123
171,7,"Neg",27,"g",100,140,156
172,8,"Neg",1,"i",160,160,153
172,8,"Neg",2,"f",90,130,83
172,8,"Neg",3,"b",50,70,52
172,8,"Neg",4,"h",130,150,128
172,8,"Neg",5,"c",60,100,53
172,8,"Neg",6,"d",70,110,63
172,8,"Neg",7,"e",80,120,72
172,8,"Neg",8,"g",100,140,86
172,8,"Neg",9,"a",40,40,36
172,8,"Neg",10,"i",160,160,146
172,8,"Neg",11,"b",50,70,49
172,8,"Neg",12,"c",60,100,55
172,8,"Neg",13,"f",90,130,78
172,8,"Neg",14,"a",40,40,36
172,8,"Neg",15,"d",70,110,62
172,8,"Neg",16,"e",80,120,81
172,8,"Neg",17,"g",100,140,100
172,8,"Neg",18,"h",130,150,119
172,8,"Neg",19,"d",70,110,71
172,8,"Neg",20,"b",50,70,46
172,8,"Neg",21,"g",100,140,103
172,8,"Neg",22,"a",40,40,33
172,8,"Neg",23,"e",80,120,81
172,8,"Neg",24,"h",130,150,131
172,8,"Neg",25,"i",160,160,164
172,8,"Neg",26,"f",90,130,83
172,8,"Neg",27,"c",60,100,59
173,1,"Pos",1,"g",100,140,86
173,1,"Pos",2,"d",70,110,84
173,1,"Pos",3,"c",60,100,63
173,1,"Pos",4,"e",80,120,79
173,1,"Pos",5,"f",90,130,121
173,1,"Pos",6,"b",50,70,43
173,1,"Pos",7,"i",160,160,169
173,1,"Pos",8,"h",130,150,147
173,1,"Pos",9,"a",40,40,36
173,1,"Pos",10,"f",90,130,105
173,1,"Pos",11,"d",70,110,105
173,1,"Pos",12,"c",60,100,61
173,1,"Pos",13,"i",160,160,188
173,1,"Pos",14,"h",130,150,151
173,1,"Pos",15,"a",40,40,40
173,1,"Pos",16,"e",80,120,100
173,1,"Pos",17,"b",50,70,64
173,1,"Pos",18,"g",100,140,131
173,1,"Pos",19,"f",90,130,129
173,1,"Pos",20,"i",160,160,176
173,1,"Pos",21,"e",80,120,111
173,1,"Pos",22,"h",130,150,159
173,1,"Pos",23,"b",50,70,65
173,1,"Pos",24,"g",100,140,132
173,1,"Pos",25,"a",40,40,40
173,1,"Pos",26,"c",60,100,81
173,1,"Pos",27,"d",70,110,90
174,2,"Pos",1,"f",90,130,77
174,2,"Pos",2,"a",40,40,34
174,2,"Pos",3,"d",70,110,52
174,2,"Pos",4,"i",160,160,118
174,2,"Pos",5,"e",80,120,48
174,2,"Pos",6,"h",130,150,69
174,2,"Pos",7,"g",100,140,69
174,2,"Pos",8,"b",50,70,38
174,2,"Pos",9,"c",60,100,35
174,2,"Pos",10,"h",130,150,71
174,2,"Pos",11,"d",70,110,42
174,2,"Pos",12,"c",60,100,45
174,2,"Pos",13,"a",40,40,43
174,2,"Pos",14,"f",90,130,68
174,2,"Pos",15,"i",160,160,126
174,2,"Pos",16,"e",80,120,57
174,2,"Pos",17,"b",50,70,44
174,2,"Pos",18,"g",100,140,62
174,2,"Pos",19,"a",40,40,49
174,2,"Pos",20,"b",50,70,67
174,2,"Pos",21,"h",130,150,97
174,2,"Pos",22,"d",70,110,45
174,2,"Pos",23,"g",100,140,63
174,2,"Pos",24,"i",160,160,137
174,2,"Pos",25,"f",90,130,67
174,2,"Pos",26,"e",80,120,42
174,2,"Pos",27,"c",60,100,45
175,3,"Neg",1,"h",130,150,128
175,3,"Neg",2,"b",50,70,36
175,3,"Neg",3,"d",70,110,50
175,3,"Neg",4,"g",100,140,69
175,3,"Neg",5,"e",80,120,69
175,3,"Neg",6,"i",160,160,123
175,3,"Neg",7,"f",90,130,88
175,3,"Neg",8,"c",60,100,45
175,3,"Neg",9,"a",40,40,30
175,3,"Neg",10,"b",50,70,39
175,3,"Neg",11,"h",130,150,101
175,3,"Neg",12,"d",70,110,62
175,3,"Neg",13,"g",100,140,90
175,3,"Neg",14,"i",160,160,131
175,3,"Neg",15,"c",60,100,51
175,3,"Neg",16,"a",40,40,33
175,3,"Neg",17,"f",90,130,66
175,3,"Neg",18,"e",80,120,60
175,3,"Neg",19,"h",130,150,98
175,3,"Neg",20,"e",80,120,66
175,3,"Neg",21,"a",40,40,32
175,3,"Neg",22,"i",160,160,124
175,3,"Neg",23,"c",60,100,47
175,3,"Neg",24,"b",50,70,36
175,3,"Neg",25,"f",90,130,68
175,3,"Neg",26,"g",100,140,80
175,3,"Neg",27,"d",70,110,54
176,4,"Neg",1,"d",70,110,59
176,4,"Neg",2,"e",80,120,69
176,4,"Neg",3,"c",60,100,51
176,4,"Neg",4,"b",50,70,46
176,4,"Neg",5,"i",160,160,160
176,4,"Neg",6,"f",90,130,89
176,4,"Neg",7,"g",100,140,101
176,4,"Neg",8,"a",40,40,30
176,4,"Neg",9,"h",130,150,129
176,4,"Neg",10,"f",90,130,85
176,4,"Neg",11,"d",70,110,69
176,4,"Neg",12,"i",160,160,168
176,4,"Neg",13,"a",40,40,31
176,4,"Neg",14,"c",60,100,60
176,4,"Neg",15,"e",80,120,77
176,4,"Neg",16,"b",50,70,47
176,4,"Neg",17,"g",100,140,103
176,4,"Neg",18,"h",130,150,129
176,4,"Neg",19,"i",160,160,167
176,4,"Neg",20,"d",70,110,72
176,4,"Neg",21,"a",40,40,33
176,4,"Neg",22,"e",80,120,84
176,4,"Neg",23,"b",50,70,53
176,4,"Neg",24,"g",100,140,57
176,4,"Neg",25,"c",60,100,60
176,4,"Neg",26,"f",90,130,106
176,4,"Neg",27,"h",130,150,135
177,5,"Pos",1,"d",70,110,84
177,5,"Pos",2,"a",40,40,38
177,5,"Pos",3,"g",100,140,119
177,5,"Pos",4,"b",50,70,52
177,5,"Pos",5,"c",60,100,64
177,5,"Pos",6,"i",160,160,180
177,5,"Pos",7,"e",80,120,101
177,5,"Pos",8,"h",130,150,143
177,5,"Pos",9,"f",90,130,124
177,5,"Pos",10,"a",40,40,47
177,5,"Pos",11,"d",70,110,79
177,5,"Pos",12,"e",80,120,106
177,5,"Pos",13,"g",100,140,133
177,5,"Pos",14,"b",50,70,63
177,5,"Pos",15,"c",60,100,75
177,5,"Pos",16,"f",90,130,117
177,5,"Pos",17,"h",130,150,151
177,5,"Pos",18,"i",160,160,173
177,5,"Pos",19,"h",130,150,154
177,5,"Pos",20,"f",90,130,136
177,5,"Pos",21,"a",40,40,45
177,5,"Pos",22,"g",100,140,150
177,5,"Pos",23,"e",80,120,129
177,5,"Pos",24,"d",70,110,110
177,5,"Pos",25,"c",60,100,76
177,5,"Pos",26,"i",160,160,173
177,5,"Pos",27,"b",50,70,67
178,6,"Pos",1,"e",80,120,99
178,6,"Pos",2,"f",90,130,111
178,6,"Pos",3,"a",40,40,33
178,6,"Pos",4,"h",130,150,137
178,6,"Pos",5,"b",50,70,46
178,6,"Pos",6,"i",160,160,180
178,6,"Pos",7,"c",60,100,58
178,6,"Pos",8,"g",100,140,118
178,6,"Pos",9,"d",70,110,71
178,6,"Pos",10,"h",130,150,142
178,6,"Pos",11,"i",160,160,180
178,6,"Pos",12,"g",100,140,112
178,6,"Pos",13,"d",70,110,73
178,6,"Pos",14,"a",40,40,37
178,6,"Pos",15,"c",60,100,56
178,6,"Pos",16,"b",50,70,45
178,6,"Pos",17,"e",80,120,76
178,6,"Pos",18,"f",90,130,97
178,6,"Pos",19,"i",160,160,180
178,6,"Pos",20,"f",90,130,115
178,6,"Pos",21,"h",130,150,138
178,6,"Pos",22,"d",70,110,85
178,6,"Pos",23,"e",80,120,98
178,6,"Pos",24,"a",40,40,42
178,6,"Pos",25,"c",60,100,70
178,6,"Pos",26,"g",100,140,126
178,6,"Pos",27,"b",50,70,67
179,7,"Neg",1,"c",60,100,54
179,7,"Neg",2,"f",90,130,87
179,7,"Neg",3,"d",70,110,81
179,7,"Neg",4,"e",80,120,85
179,7,"Neg",5,"b",50,70,47
179,7,"Neg",6,"g",100,140,120
179,7,"Neg",7,"i",160,160,161
179,7,"Neg",8,"h",130,150,136
179,7,"Neg",9,"a",40,40,40
179,7,"Neg",10,"i",160,160,156
179,7,"Neg",11,"b",50,70,51
179,7,"Neg",12,"c",60,100,60
179,7,"Neg",13,"a",40,40,42
179,7,"Neg",14,"g",100,140,120
179,7,"Neg",15,"d",70,110,72
179,7,"Neg",16,"e",80,120,80
179,7,"Neg",17,"f",90,130,84
179,7,"Neg",18,"h",130,150,129
179,7,"Neg",19,"c",60,100,60
179,7,"Neg",20,"a",40,40,47
179,7,"Neg",21,"f",90,130,97
179,7,"Neg",22,"e",80,120,85
179,7,"Neg",23,"h",130,150,127
179,7,"Neg",24,"g",100,140,101
179,7,"Neg",25,"b",50,70,58
179,7,"Neg",26,"d",70,110,69
179,7,"Neg",27,"i",160,160,163
180,8,"Neg",1,"b",50,70,78
180,8,"Neg",2,"e",80,120,141
180,8,"Neg",3,"a",40,40,72
180,8,"Neg",4,"f",90,130,147
180,8,"Neg",5,"d",70,110,102
180,8,"Neg",6,"h",130,150,160
180,8,"Neg",7,"c",60,100,108
180,8,"Neg",8,"i",160,160,180
180,8,"Neg",9,"g",100,140,150
180,8,"Neg",10,"g",100,140,149
180,8,"Neg",11,"e",80,120,136
180,8,"Neg",12,"f",90,130,140
180,8,"Neg",13,"d",70,110,118
180,8,"Neg",14,"b",50,70,85
180,8,"Neg",15,"h",130,150,166
180,8,"Neg",16,"i",160,160,180
180,8,"Neg",17,"a",40,40,91
180,8,"Neg",18,"c",60,100,110
180,8,"Neg",19,"i",160,160,180
180,8,"Neg",20,"d",70,110,119
180,8,"Neg",21,"a",40,40,92
180,8,"Neg",22,"b",50,70,89
180,8,"Neg",23,"e",80,120,127
180,8,"Neg",24,"h",130,150,150
180,8,"Neg",25,"c",60,100,122
180,8,"Neg",26,"f",90,130,145
180,8,"Neg",27,"g",100,140,160
181,1,"Pos",1,"g",100,140,96
181,1,"Pos",2,"i",160,160,124
181,1,"Pos",3,"h",130,150,114
181,1,"Pos",4,"c",60,100,53
181,1,"Pos",5,"f",90,130,73
181,1,"Pos",6,"b",50,70,52
181,1,"Pos",7,"a",40,40,40
181,1,"Pos",8,"e",80,120,74
181,1,"Pos",9,"d",70,110,63
181,1,"Pos",10,"b",50,70,49
181,1,"Pos",11,"d",70,110,63
181,1,"Pos",12,"f",90,130,75
181,1,"Pos",13,"a",40,40,39
181,1,"Pos",14,"e",80,120,68
181,1,"Pos",15,"g",100,140,88
181,1,"Pos",16,"i",160,160,131
181,1,"Pos",17,"c",60,100,51
181,1,"Pos",18,"h",130,150,121
181,1,"Pos",19,"d",70,110,61
181,1,"Pos",20,"e",80,120,84
181,1,"Pos",21,"g",100,140,109
181,1,"Pos",22,"c",60,100,52
181,1,"Pos",23,"h",130,150,116
181,1,"Pos",24,"b",50,70,43
181,1,"Pos",25,"i",160,160,123
181,1,"Pos",26,"f",90,130,81
181,1,"Pos",27,"a",40,40,34
182,2,"Pos",1,"f",90,130,117
182,2,"Pos",2,"c",60,100,48
182,2,"Pos",3,"e",80,120,64
182,2,"Pos",4,"a",40,40,31
182,2,"Pos",5,"h",130,150,97
182,2,"Pos",6,"b",50,70,48
182,2,"Pos",7,"g",100,140,81
182,2,"Pos",8,"d",70,110,51
182,2,"Pos",9,"i",160,160,121
182,2,"Pos",10,"d",70,110,64
182,2,"Pos",11,"g",100,140,92
182,2,"Pos",12,"a",40,40,39
182,2,"Pos",13,"i",160,160,118
182,2,"Pos",14,"c",60,100,50
182,2,"Pos",15,"e",80,120,64
182,2,"Pos",16,"h",130,150,96
182,2,"Pos",17,"b",50,70,55
182,2,"Pos",18,"f",90,130,89
182,2,"Pos",19,"h",130,150,110
182,2,"Pos",20,"b",50,70,48
182,2,"Pos",21,"d",70,110,66
182,2,"Pos",22,"c",60,100,56
182,2,"Pos",23,"g",100,140,102
182,2,"Pos",24,"i",160,160,130
182,2,"Pos",25,"e",80,120,69
182,2,"Pos",26,"f",90,130,82
182,2,"Pos",27,"a",40,40,38
183,3,"Neg",1,"i",160,160,169
183,3,"Neg",2,"h",130,150,96
183,3,"Neg",3,"g",100,140,81
183,3,"Neg",4,"d",70,110,53
183,3,"Neg",5,"c",60,100,56
183,3,"Neg",6,"b",50,70,45
183,3,"Neg",7,"a",40,40,35
183,3,"Neg",8,"e",80,120,57
183,3,"Neg",9,"f",90,130,66
183,3,"Neg",10,"g",100,140,75
183,3,"Neg",11,"a",40,40,30
183,3,"Neg",12,"i",160,160,136
183,3,"Neg",13,"d",70,110,53
183,3,"Neg",14,"e",80,120,65
183,3,"Neg",15,"h",130,150,105
183,3,"Neg",16,"f",90,130,71
183,3,"Neg",17,"b",50,70,43
183,3,"Neg",18,"c",60,100,57
183,3,"Neg",19,"c",60,100,55
183,3,"Neg",20,"e",80,120,66
183,3,"Neg",21,"h",130,150,112
183,3,"Neg",22,"b",50,70,42
183,3,"Neg",23,"f",90,130,74
183,3,"Neg",24,"g",100,140,81
183,3,"Neg",25,"i",160,160,153
183,3,"Neg",26,"a",40,40,29
183,3,"Neg",27,"d",70,110,62
184,4,"Neg",1,"h",130,150,110
184,4,"Neg",2,"e",80,120,67
184,4,"Neg",3,"c",60,100,51
184,4,"Neg",4,"d",70,110,59
184,4,"Neg",5,"g",100,140,78
184,4,"Neg",6,"a",40,40,34
184,4,"Neg",7,"b",50,70,39
184,4,"Neg",8,"i",160,160,130
184,4,"Neg",9,"f",90,130,76
184,4,"Neg",10,"e",80,120,66
184,4,"Neg",11,"i",160,160,149
184,4,"Neg",12,"c",60,100,53
184,4,"Neg",13,"a",40,40,30
184,4,"Neg",14,"g",100,140,88
184,4,"Neg",15,"f",90,130,86
184,4,"Neg",16,"b",50,70,41
184,4,"Neg",17,"d",70,110,55
184,4,"Neg",18,"h",130,150,109
184,4,"Neg",19,"g",100,140,81
184,4,"Neg",20,"i",160,160,127
184,4,"Neg",21,"c",60,100,51
184,4,"Neg",22,"e",80,120,63
184,4,"Neg",23,"d",70,110,56
184,4,"Neg",24,"f",90,130,87
184,4,"Neg",25,"h",130,150,110
184,4,"Neg",26,"b",50,70,45
184,4,"Neg",27,"a",40,40,30
185,5,"Pos",1,"g",100,140,142
185,5,"Pos",2,"i",160,160,180
185,5,"Pos",3,"c",60,100,60
185,5,"Pos",4,"a",40,40,38
185,5,"Pos",5,"e",80,120,84
185,5,"Pos",6,"d",70,110,67
185,5,"Pos",7,"h",130,150,145
185,5,"Pos",8,"b",50,70,62
185,5,"Pos",9,"f",90,130,97
185,5,"Pos",10,"h",130,150,145
185,5,"Pos",11,"b",50,70,69
185,5,"Pos",12,"c",60,100,74
185,5,"Pos",13,"d",70,110,94
185,5,"Pos",14,"a",40,40,33
185,5,"Pos",15,"e",80,120,73
185,5,"Pos",16,"i",160,160,180
185,5,"Pos",17,"f",90,130,99
185,5,"Pos",18,"g",100,140,118
185,5,"Pos",19,"h",130,150,160
185,5,"Pos",20,"i",160,160,180
185,5,"Pos",21,"f",90,130,126
185,5,"Pos",22,"c",60,100,99
185,5,"Pos",23,"d",70,110,112
185,5,"Pos",24,"b",50,70,58
185,5,"Pos",25,"a",40,40,39
185,5,"Pos",26,"g",100,140,143
185,5,"Pos",27,"e",80,120,108
186,6,"Pos",1,"b",50,70,180
186,6,"Pos",2,"c",60,100,180
186,6,"Pos",3,"g",100,140,148
186,6,"Pos",4,"h",130,150,174
186,6,"Pos",5,"f",90,130,145
186,6,"Pos",6,"i",160,160,180
186,6,"Pos",7,"e",80,120,138
186,6,"Pos",8,"d",70,110,119
186,6,"Pos",9,"a",40,40,33
186,6,"Pos",10,"d",70,110,86
186,6,"Pos",11,"g",100,140,147
186,6,"Pos",12,"b",50,70,67
186,6,"Pos",13,"h",130,150,154
186,6,"Pos",14,"f",90,130,125
186,6,"Pos",15,"e",80,120,106
186,6,"Pos",16,"a",40,40,33
186,6,"Pos",17,"c",60,100,104
186,6,"Pos",18,"i",160,160,171
186,6,"Pos",19,"i",160,160,180
186,6,"Pos",20,"e",80,120,117
186,6,"Pos",21,"d",70,110,127
186,6,"Pos",22,"b",50,70,69
186,6,"Pos",23,"c",60,100,91
186,6,"Pos",24,"g",100,140,138
186,6,"Pos",25,"f",90,130,137
186,6,"Pos",26,"h",130,150,168
186,6,"Pos",27,"a",40,40,37
187,7,"Neg",1,"a",40,40,42
187,7,"Neg",2,"e",80,120,111
187,7,"Neg",3,"c",60,100,58
187,7,"Neg",4,"b",50,70,44
187,7,"Neg",5,"g",100,140,133
187,7,"Neg",6,"i",160,160,180
187,7,"Neg",7,"d",70,110,105
187,7,"Neg",8,"h",130,150,160
187,7,"Neg",9,"f",90,130,116
187,7,"Neg",10,"i",160,160,180
187,7,"Neg",11,"e",80,120,93
187,7,"Neg",12,"g",100,140,133
187,7,"Neg",13,"f",90,130,114
187,7,"Neg",14,"b",50,70,42
187,7,"Neg",15,"d",70,110,79
187,7,"Neg",16,"c",60,100,51
187,7,"Neg",17,"a",40,40,39
187,7,"Neg",18,"h",130,150,164
187,7,"Neg",19,"i",160,160,180
187,7,"Neg",20,"b",50,70,40
187,7,"Neg",21,"f",90,130,95
187,7,"Neg",22,"g",100,140,130
187,7,"Neg",23,"d",70,110,82
187,7,"Neg",24,"e",80,120,92
187,7,"Neg",25,"a",40,40,32
187,7,"Neg",26,"c",60,100,43
187,7,"Neg",27,"h",130,150,121
188,8,"Neg",1,"a",40,40,33
188,8,"Neg",2,"d",70,110,88
188,8,"Neg",3,"b",50,70,66
188,8,"Neg",4,"c",60,100,70
188,8,"Neg",5,"h",130,150,156
188,8,"Neg",6,"e",80,120,113
188,8,"Neg",7,"g",100,140,143
188,8,"Neg",8,"i",160,160,200
188,8,"Neg",9,"f",90,130,138
188,8,"Neg",10,"d",70,110,97
188,8,"Neg",11,"h",130,150,176
188,8,"Neg",12,"g",100,140,141
188,8,"Neg",13,"e",80,120,110
188,8,"Neg",14,"i",160,160,199
188,8,"Neg",15,"c",60,100,95
188,8,"Neg",16,"b",50,70,76
188,8,"Neg",17,"f",90,130,119
188,8,"Neg",18,"a",40,40,53
188,8,"Neg",19,"a",40,40,56
188,8,"Neg",20,"b",50,70,74
188,8,"Neg",21,"e",80,120,99
188,8,"Neg",22,"h",130,150,174
188,8,"Neg",23,"g",100,140,142
188,8,"Neg",24,"d",70,110,91
188,8,"Neg",25,"i",160,160,190
188,8,"Neg",26,"c",60,100,91
188,8,"Neg",27,"f",90,130,114
189,1,"Pos",1,"d",70,110,48
189,1,"Pos",2,"i",160,160,160
189,1,"Pos",3,"f",90,130,82
189,1,"Pos",4,"a",40,40,32
189,1,"Pos",5,"e",80,120,57
189,1,"Pos",6,"h",130,150,114
189,1,"Pos",7,"g",100,140,89
189,1,"Pos",8,"c",60,100,58
189,1,"Pos",9,"b",50,70,46
189,1,"Pos",10,"h",130,150,124
189,1,"Pos",11,"g",100,140,98
189,1,"Pos",12,"c",60,100,67
189,1,"Pos",13,"a",40,40,35
189,1,"Pos",14,"d",70,110,69
189,1,"Pos",15,"e",80,120,81
189,1,"Pos",16,"i",160,160,162
189,1,"Pos",17,"b",50,70,58
189,1,"Pos",18,"f",90,130,97
189,1,"Pos",19,"g",100,140,111
189,1,"Pos",20,"e",80,120,89
189,1,"Pos",21,"d",70,110,84
189,1,"Pos",22,"h",130,150,118
189,1,"Pos",23,"c",60,100,66
189,1,"Pos",24,"b",50,70,53
189,1,"Pos",25,"i",160,160,145
189,1,"Pos",26,"a",40,40,35
189,1,"Pos",27,"f",90,130,112
190,2,"Pos",1,"e",80,120,68
190,2,"Pos",2,"f",90,130,81
190,2,"Pos",3,"g",100,140,68
190,2,"Pos",4,"h",130,150,82
190,2,"Pos",5,"c",60,100,44
190,2,"Pos",6,"i",160,160,132
190,2,"Pos",7,"d",70,110,66
190,2,"Pos",8,"b",50,70,32
190,2,"Pos",9,"a",40,40,33
190,2,"Pos",10,"i",160,160,121
190,2,"Pos",11,"e",80,120,67
190,2,"Pos",12,"c",60,100,46
190,2,"Pos",13,"d",70,110,54
190,2,"Pos",14,"a",40,40,32
190,2,"Pos",15,"b",50,70,38
190,2,"Pos",16,"f",90,130,72
190,2,"Pos",17,"h",130,150,100
190,2,"Pos",18,"g",100,140,74
190,2,"Pos",19,"h",130,150,103
190,2,"Pos",20,"d",70,110,52
190,2,"Pos",21,"c",60,100,45
190,2,"Pos",22,"e",80,120,54
190,2,"Pos",23,"b",50,70,37
190,2,"Pos",24,"g",100,140,89
190,2,"Pos",25,"a",40,40,31
190,2,"Pos",26,"i",160,160,118
190,2,"Pos",27,"f",90,130,60
191,3,"Neg",1,"h",130,150,122
191,3,"Neg",2,"c",60,100,52
191,3,"Neg",3,"i",160,160,127
191,3,"Neg",4,"f",90,130,79
191,3,"Neg",5,"e",80,120,75
191,3,"Neg",6,"a",40,40,34
191,3,"Neg",7,"d",70,110,68
191,3,"Neg",8,"b",50,70,51
191,3,"Neg",9,"g",100,140,96
191,3,"Neg",10,"a",40,40,37
191,3,"Neg",11,"f",90,130,82
191,3,"Neg",12,"e",80,120,68
191,3,"Neg",13,"i",160,160,111
191,3,"Neg",14,"g",100,140,92
191,3,"Neg",15,"b",50,70,55
191,3,"Neg",16,"d",70,110,87
191,3,"Neg",17,"h",130,150,103
191,3,"Neg",18,"c",60,100,55
191,3,"Neg",19,"a",40,40,33
191,3,"Neg",20,"b",50,70,47
191,3,"Neg",21,"g",100,140,87
191,3,"Neg",22,"c",60,100,56
191,3,"Neg",23,"h",130,150,97
191,3,"Neg",24,"f",90,130,84
191,3,"Neg",25,"i",160,160,109
191,3,"Neg",26,"e",80,120,74
191,3,"Neg",27,"d",70,110,74
192,4,"Neg",1,"b",50,70,36
192,4,"Neg",2,"g",100,140,93
192,4,"Neg",3,"i",160,160,156
192,4,"Neg",4,"h",130,150,128
192,4,"Neg",5,"e",80,120,56
192,4,"Neg",6,"c",60,100,41
192,4,"Neg",7,"f",90,130,67
192,4,"Neg",8,"d",70,110,53
192,4,"Neg",9,"a",40,40,20
192,4,"Neg",10,"h",130,150,105
192,4,"Neg",11,"a",40,40,16
192,4,"Neg",12,"g",100,140,75
192,4,"Neg",13,"d",70,110,60
192,4,"Neg",14,"b",50,70,32
192,4,"Neg",15,"c",60,100,52
192,4,"Neg",16,"e",80,120,74
192,4,"Neg",17,"i",160,160,156
192,4,"Neg",18,"f",90,130,90
192,4,"Neg",19,"b",50,70,29
192,4,"Neg",20,"h",130,150,120
192,4,"Neg",21,"g",100,140,102
192,4,"Neg",22,"e",80,120,76
192,4,"Neg",23,"c",60,100,52
192,4,"Neg",24,"a",40,40,15
192,4,"Neg",25,"f",90,130,89
192,4,"Neg",26,"d",70,110,63
192,4,"Neg",27,"i",160,160,161
194,6,"Pos",1,"h",130,150,173
194,6,"Pos",2,"b",50,70,51
194,6,"Pos",3,"g",100,140,136
194,6,"Pos",4,"f",90,130,126
194,6,"Pos",5,"c",60,100,86
194,6,"Pos",6,"a",40,40,36
194,6,"Pos",7,"d",70,110,80
194,6,"Pos",8,"e",80,120,111
194,6,"Pos",9,"i",160,160,175
194,6,"Pos",10,"e",80,120,118
194,6,"Pos",11,"b",50,70,65
194,6,"Pos",12,"i",160,160,173
194,6,"Pos",13,"a",40,40,40
194,6,"Pos",14,"g",100,140,141
194,6,"Pos",15,"d",70,110,99
194,6,"Pos",16,"h",130,150,162
194,6,"Pos",17,"c",60,100,88
194,6,"Pos",18,"f",90,130,116
194,6,"Pos",19,"c",60,100,83
194,6,"Pos",20,"a",40,40,49
194,6,"Pos",21,"d",70,110,91
194,6,"Pos",22,"f",90,130,122
194,6,"Pos",23,"g",100,140,142
194,6,"Pos",24,"b",50,70,71
194,6,"Pos",25,"i",160,160,174
194,6,"Pos",26,"e",80,120,134
194,6,"Pos",27,"h",130,150,151
195,7,"Neg",1,"b",50,70,55
195,7,"Neg",2,"c",60,100,86
195,7,"Neg",3,"h",130,150,162
195,7,"Neg",4,"d",70,110,112
195,7,"Neg",5,"i",160,160,211
195,7,"Neg",6,"g",100,140,151
195,7,"Neg",7,"e",80,120,128
195,7,"Neg",8,"f",90,130,150
195,7,"Neg",9,"a",40,40,43
195,7,"Neg",10,"b",50,70,60
195,7,"Neg",11,"h",130,150,161
195,7,"Neg",12,"c",60,100,73
195,7,"Neg",13,"f",90,130,142
195,7,"Neg",14,"g",100,140,163
195,7,"Neg",15,"a",40,40,39
195,7,"Neg",16,"e",80,120,94
195,7,"Neg",17,"i",160,160,194
195,7,"Neg",18,"d",70,110,93
195,7,"Neg",19,"a",40,40,53
195,7,"Neg",20,"g",100,140,167
195,7,"Neg",21,"h",130,150,187
195,7,"Neg",22,"b",50,70,55
195,7,"Neg",23,"c",60,100,68
195,7,"Neg",24,"f",90,130,100
195,7,"Neg",25,"i",160,160,200
195,7,"Neg",26,"e",80,120,173
195,7,"Neg",27,"d",70,110,132
196,8,"Neg",1,"f",90,130,165
196,8,"Neg",2,"g",100,140,155
196,8,"Neg",3,"b",50,70,66
196,8,"Neg",4,"c",60,100,97
196,8,"Neg",5,"a",40,40,51
196,8,"Neg",6,"e",80,120,110
196,8,"Neg",7,"i",160,160,180
196,8,"Neg",8,"d",70,110,137
196,8,"Neg",9,"h",130,150,165
196,8,"Neg",10,"d",70,110,149
196,8,"Neg",11,"b",50,70,105
196,8,"Neg",12,"i",160,160,180
196,8,"Neg",13,"g",100,140,159
196,8,"Neg",14,"a",40,40,49
196,8,"Neg",15,"c",60,100,77
196,8,"Neg",16,"h",130,150,148
196,8,"Neg",17,"f",90,130,133
196,8,"Neg",18,"e",80,120,112
196,8,"Neg",19,"a",40,40,53
196,8,"Neg",20,"b",50,70,74
196,8,"Neg",21,"e",80,120,91
196,8,"Neg",22,"g",100,140,127
196,8,"Neg",23,"d",70,110,97
196,8,"Neg",24,"f",90,130,100
196,8,"Neg",25,"h",130,150,161
196,8,"Neg",26,"c",60,100,98
196,8,"Neg",27,"i",160,160,180
197,1,"Pos",1,"a",40,40,36
197,1,"Pos",2,"e",80,120,78
197,1,"Pos",3,"c",60,100,49
197,1,"Pos",4,"b",50,70,36
197,1,"Pos",5,"g",100,140,88
197,1,"Pos",6,"d",70,110,67
197,1,"Pos",7,"f",90,130,73
197,1,"Pos",8,"i",160,160,193
197,1,"Pos",9,"h",130,150,123
197,1,"Pos",10,"a",40,40,25
197,1,"Pos",11,"e",80,120,78
197,1,"Pos",12,"c",60,100,51
197,1,"Pos",13,"b",50,70,37
197,1,"Pos",14,"d",70,110,64
197,1,"Pos",15,"h",130,150,132
197,1,"Pos",16,"i",160,160,177
197,1,"Pos",17,"g",100,140,95
197,1,"Pos",18,"f",90,130,85
197,1,"Pos",19,"g",100,140,104
197,1,"Pos",20,"e",80,120,74
197,1,"Pos",21,"f",90,130,87
197,1,"Pos",22,"i",160,160,172
197,1,"Pos",23,"a",40,40,27
197,1,"Pos",24,"d",70,110,77
197,1,"Pos",25,"b",50,70,32
197,1,"Pos",26,"h",130,150,120
197,1,"Pos",27,"c",60,100,50
198,2,"Pos",1,"e",80,120,73
198,2,"Pos",2,"c",60,100,46
198,2,"Pos",3,"i",160,160,20
198,2,"Pos",4,"f",90,130,87
198,2,"Pos",5,"a",40,40,27
198,2,"Pos",6,"d",70,110,57
198,2,"Pos",7,"h",130,150,96
198,2,"Pos",8,"g",100,140,79
198,2,"Pos",9,"b",50,70,41
198,2,"Pos",10,"a",40,40,29
198,2,"Pos",11,"d",70,110,44
198,2,"Pos",12,"i",160,160,121
198,2,"Pos",13,"f",90,130,85
198,2,"Pos",14,"c",60,100,44
198,2,"Pos",15,"g",100,140,99
198,2,"Pos",16,"h",130,150,118
198,2,"Pos",17,"e",80,120,64
198,2,"Pos",18,"b",50,70,41
198,2,"Pos",19,"d",70,110,53
198,2,"Pos",20,"c",60,100,43
198,2,"Pos",21,"b",50,70,36
198,2,"Pos",22,"f",90,130,85
198,2,"Pos",23,"a",40,40,31
198,2,"Pos",24,"g",100,140,92
198,2,"Pos",25,"h",130,150,99
198,2,"Pos",26,"i",160,160,121
198,2,"Pos",27,"e",80,120,63
199,3,"Neg",1,"h",130,150,20
199,3,"Neg",2,"c",60,100,49
199,3,"Neg",3,"i",160,160,167
199,3,"Neg",4,"e",80,120,97
199,3,"Neg",5,"g",100,140,102
199,3,"Neg",6,"d",70,110,77
199,3,"Neg",7,"f",90,130,96
199,3,"Neg",8,"a",40,40,29
199,3,"Neg",9,"b",50,70,43
199,3,"Neg",10,"d",70,110,68
199,3,"Neg",11,"i",160,160,140
199,3,"Neg",12,"h",130,150,115
199,3,"Neg",13,"a",40,40,37
199,3,"Neg",14,"b",50,70,49
199,3,"Neg",15,"f",90,130,100
199,3,"Neg",16,"c",60,100,56
199,3,"Neg",17,"e",80,120,70
199,3,"Neg",18,"g",100,140,85
199,3,"Neg",19,"g",100,140,102
199,3,"Neg",20,"i",160,160,146
199,3,"Neg",21,"c",60,100,58
199,3,"Neg",22,"a",40,40,34
199,3,"Neg",23,"b",50,70,47
199,3,"Neg",24,"h",130,150,116
199,3,"Neg",25,"f",90,130,99
199,3,"Neg",26,"d",70,110,65
199,3,"Neg",27,"e",80,120,81
200,4,"Neg",1,"f",90,130,99
200,4,"Neg",2,"b",50,70,47
200,4,"Neg",3,"e",80,120,60
200,4,"Neg",4,"g",100,140,81
200,4,"Neg",5,"d",70,110,70
200,4,"Neg",6,"c",60,100,59
200,4,"Neg",7,"a",40,40,34
200,4,"Neg",8,"h",130,150,108
200,4,"Neg",9,"i",160,160,135
200,4,"Neg",10,"h",130,150,94
200,4,"Neg",11,"a",40,40,34
200,4,"Neg",12,"g",100,140,76
200,4,"Neg",13,"e",80,120,66
200,4,"Neg",14,"b",50,70,51
200,4,"Neg",15,"c",60,100,74
200,4,"Neg",16,"d",70,110,92
200,4,"Neg",17,"f",90,130,69
200,4,"Neg",18,"i",160,160,85
200,4,"Neg",19,"i",160,160,88
200,4,"Neg",20,"h",130,150,103
200,4,"Neg",21,"a",40,40,39
200,4,"Neg",22,"d",70,110,67
200,4,"Neg",23,"b",50,70,51
200,4,"Neg",24,"e",80,120,89
200,4,"Neg",25,"f",90,130,87
200,4,"Neg",26,"g",100,140,104
200,4,"Neg",27,"c",60,100,88
201,5,"Pos",1,"e",80,120,108
201,5,"Pos",2,"g",100,140,123
201,5,"Pos",3,"h",130,150,149
201,5,"Pos",4,"i",160,160,180
201,5,"Pos",5,"d",70,110,93
201,5,"Pos",6,"b",50,70,64
201,5,"Pos",7,"f",90,130,115
201,5,"Pos",8,"c",60,100,90
201,5,"Pos",9,"a",40,40,40
201,5,"Pos",10,"f",90,130,128
201,5,"Pos",11,"a",40,40,42
201,5,"Pos",12,"c",60,100,87
201,5,"Pos",13,"h",130,150,156
201,5,"Pos",14,"d",70,110,110
201,5,"Pos",15,"g",100,140,139
201,5,"Pos",16,"e",80,120,119
201,5,"Pos",17,"b",50,70,73
201,5,"Pos",18,"i",160,160,180
201,5,"Pos",19,"a",40,40,40
201,5,"Pos",20,"e",80,120,127
201,5,"Pos",21,"i",160,160,180
201,5,"Pos",22,"g",100,140,126
201,5,"Pos",23,"f",90,130,137
201,5,"Pos",24,"h",130,150,163
201,5,"Pos",25,"c",60,100,89
201,5,"Pos",26,"b",50,70,71
201,5,"Pos",27,"d",70,110,101
202,6,"Pos",1,"h",130,150,151
202,6,"Pos",2,"c",60,100,55
202,6,"Pos",3,"b",50,70,60
202,6,"Pos",4,"d",70,110,66
202,6,"Pos",5,"i",160,160,180
202,6,"Pos",6,"f",90,130,117
202,6,"Pos",7,"a",40,40,44
202,6,"Pos",8,"g",100,140,142
202,6,"Pos",9,"e",80,120,96
202,6,"Pos",10,"c",60,100,61
202,6,"Pos",11,"f",90,130,137
202,6,"Pos",12,"a",40,40,45
202,6,"Pos",13,"b",50,70,55
202,6,"Pos",14,"h",130,150,163
202,6,"Pos",15,"g",100,140,139
202,6,"Pos",16,"d",70,110,98
202,6,"Pos",17,"i",160,160,171
202,6,"Pos",18,"e",80,120,118
202,6,"Pos",19,"i",160,160,166
202,6,"Pos",20,"g",100,140,138
202,6,"Pos",21,"f",90,130,135
202,6,"Pos",22,"c",60,100,119
202,6,"Pos",23,"a",40,40,48
202,6,"Pos",24,"e",80,120,84
202,6,"Pos",25,"b",50,70,55
202,6,"Pos",26,"d",70,110,68
202,6,"Pos",27,"h",130,150,164
203,7,"Neg",1,"h",130,150,172
203,7,"Neg",2,"g",100,140,138
203,7,"Neg",3,"a",40,40,40
203,7,"Neg",4,"d",70,110,90
203,7,"Neg",5,"b",50,70,63
203,7,"Neg",6,"f",90,130,120
203,7,"Neg",7,"e",80,120,107
203,7,"Neg",8,"i",160,160,192
203,7,"Neg",9,"c",60,100,96
203,7,"Neg",10,"d",70,110,104
203,7,"Neg",11,"i",160,160,192
203,7,"Neg",12,"g",100,140,134
203,7,"Neg",13,"f",90,130,118
203,7,"Neg",14,"c",60,100,88
203,7,"Neg",15,"h",130,150,173
203,7,"Neg",16,"e",80,120,133
203,7,"Neg",17,"a",40,40,48
203,7,"Neg",18,"b",50,70,77
203,7,"Neg",19,"i",160,160,197
203,7,"Neg",20,"d",70,110,111
203,7,"Neg",21,"h",130,150,180
203,7,"Neg",22,"f",90,130,134
203,7,"Neg",23,"g",100,140,148
203,7,"Neg",24,"e",80,120,117
203,7,"Neg",25,"c",60,100,87
203,7,"Neg",26,"b",50,70,69
203,7,"Neg",27,"a",40,40,47
204,8,"Neg",1,"d",70,110,152
204,8,"Neg",2,"i",160,160,201
204,8,"Neg",3,"e",80,120,115
204,8,"Neg",4,"h",130,150,123
204,8,"Neg",5,"b",50,70,180
204,8,"Neg",6,"c",60,100,221
204,8,"Neg",7,"a",40,40,125
204,8,"Neg",8,"g",100,140,17
204,8,"Neg",9,"f",90,130,153
204,8,"Neg",10,"h",130,150,134
204,8,"Neg",11,"a",40,40,92
204,8,"Neg",12,"e",80,120,139
204,8,"Neg",13,"b",50,70,180
204,8,"Neg",14,"f",90,130,107
204,8,"Neg",15,"d",70,110,205
204,8,"Neg",16,"c",60,100,123
204,8,"Neg",17,"g",100,140,148
204,8,"Neg",18,"i",160,160,185
204,8,"Neg",19,"e",80,120,136
204,8,"Neg",20,"g",100,140,165
204,8,"Neg",21,"a",40,40,29
204,8,"Neg",22,"f",90,130,101
204,8,"Neg",23,"i",160,160,182
204,8,"Neg",24,"h",130,150,170
204,8,"Neg",25,"c",60,100,78
204,8,"Neg",26,"d",70,110,94
204,8,"Neg",27,"b",50,70,63
205,1,"Pos",1,"f",90,130,63
205,1,"Pos",2,"b",50,70,52
205,1,"Pos",3,"a",40,40,37
205,1,"Pos",4,"d",70,110,70
205,1,"Pos",5,"e",80,120,77
205,1,"Pos",6,"g",100,140,73
205,1,"Pos",7,"i",160,160,123
205,1,"Pos",8,"h",130,150,93
205,1,"Pos",9,"c",60,100,51
205,1,"Pos",10,"f",90,130,81
205,1,"Pos",11,"d",70,110,58
205,1,"Pos",12,"c",60,100,56
205,1,"Pos",13,"a",40,40,34
205,1,"Pos",14,"h",130,150,83
205,1,"Pos",15,"e",80,120,78
205,1,"Pos",16,"i",160,160,119
205,1,"Pos",17,"b",50,70,49
205,1,"Pos",18,"g",100,140,83
205,1,"Pos",19,"d",70,110,68
205,1,"Pos",20,"f",90,130,75
205,1,"Pos",21,"h",130,150,92
205,1,"Pos",22,"b",50,70,54
205,1,"Pos",23,"i",160,160,129
205,1,"Pos",24,"g",100,140,90
205,1,"Pos",25,"a",40,40,34
205,1,"Pos",26,"c",60,100,52
205,1,"Pos",27,"e",80,120,81
206,2,"Pos",1,"c",60,100,45
206,2,"Pos",2,"b",50,70,46
206,2,"Pos",3,"f",90,130,102
206,2,"Pos",4,"d",70,110,69
206,2,"Pos",5,"g",100,140,88
206,2,"Pos",6,"e",80,120,93
206,2,"Pos",7,"a",40,40,36
206,2,"Pos",8,"h",130,150,122
206,2,"Pos",9,"i",160,160,148
206,2,"Pos",10,"b",50,70,64
206,2,"Pos",11,"h",130,150,132
206,2,"Pos",12,"a",40,40,48
206,2,"Pos",13,"g",100,140,119
206,2,"Pos",14,"e",80,120,81
206,2,"Pos",15,"d",70,110,77
206,2,"Pos",16,"i",160,160,149
206,2,"Pos",17,"f",90,130,129
206,2,"Pos",18,"c",60,100,57
206,2,"Pos",19,"h",130,150,113
206,2,"Pos",20,"a",40,40,51
206,2,"Pos",21,"g",100,140,122
206,2,"Pos",22,"f",90,130,117
206,2,"Pos",23,"d",70,110,81
206,2,"Pos",24,"i",160,160,148
206,2,"Pos",25,"c",60,100,60
206,2,"Pos",26,"b",50,70,49
206,2,"Pos",27,"e",80,120,94
207,3,"Neg",1,"c",60,100,40
207,3,"Neg",2,"d",70,110,42
207,3,"Neg",3,"b",50,70,39
207,3,"Neg",4,"e",80,120,53
207,3,"Neg",5,"i",160,160,122
207,3,"Neg",6,"f",90,130,61
207,3,"Neg",7,"h",130,150,96
207,3,"Neg",8,"a",40,40,26
207,3,"Neg",9,"g",100,140,69
207,3,"Neg",10,"i",160,160,112
207,3,"Neg",11,"e",80,120,63
207,3,"Neg",12,"a",40,40,30
207,3,"Neg",13,"b",50,70,41
207,3,"Neg",14,"g",100,140,67
207,3,"Neg",15,"h",130,150,86
207,3,"Neg",16,"d",70,110,67
207,3,"Neg",17,"f",90,130,65
207,3,"Neg",18,"c",60,100,45
207,3,"Neg",19,"g",100,140,72
207,3,"Neg",20,"b",50,70,34
207,3,"Neg",21,"i",160,160,112
207,3,"Neg",22,"a",40,40,30
207,3,"Neg",23,"h",130,150,96
207,3,"Neg",24,"e",80,120,58
207,3,"Neg",25,"d",70,110,50
207,3,"Neg",26,"f",90,130,56
207,3,"Neg",27,"c",60,100,41
208,4,"Neg",1,"c",60,100,41
208,4,"Neg",2,"f",90,130,68
208,4,"Neg",3,"g",100,140,86
208,4,"Neg",4,"b",50,70,43
208,4,"Neg",5,"h",130,150,106
208,4,"Neg",6,"a",40,40,32
208,4,"Neg",7,"i",160,160,120
208,4,"Neg",8,"d",70,110,61
208,4,"Neg",9,"e",80,120,70
208,4,"Neg",10,"h",130,150,103
208,4,"Neg",11,"f",90,130,85
208,4,"Neg",12,"g",100,140,100
208,4,"Neg",13,"i",160,160,124
208,4,"Neg",14,"b",50,70,48
208,4,"Neg",15,"d",70,110,57
208,4,"Neg",16,"c",60,100,41
208,4,"Neg",17,"e",80,120,59
208,4,"Neg",18,"a",40,40,36
208,4,"Neg",19,"a",40,40,41
208,4,"Neg",20,"f",90,130,116
208,4,"Neg",21,"g",100,140,111
208,4,"Neg",22,"e",80,120,67
208,4,"Neg",23,"d",70,110,57
208,4,"Neg",24,"i",160,160,125
208,4,"Neg",25,"h",130,150,110
208,4,"Neg",26,"c",60,100,45
208,4,"Neg",27,"b",50,70,44
209,5,"Pos",1,"f",90,130,123
209,5,"Pos",2,"g",100,140,140
209,5,"Pos",3,"e",80,120,97
209,5,"Pos",4,"c",60,100,78
209,5,"Pos",5,"b",50,70,50
209,5,"Pos",6,"h",130,150,145
209,5,"Pos",7,"i",160,160,180
209,5,"Pos",8,"d",70,110,82
209,5,"Pos",9,"a",40,40,180
209,5,"Pos",10,"d",70,110,80
209,5,"Pos",11,"f",90,130,98
209,5,"Pos",12,"b",50,70,54
209,5,"Pos",13,"i",160,160,180
209,5,"Pos",14,"a",40,40,33
209,5,"Pos",15,"h",130,150,146
209,5,"Pos",16,"g",100,140,120
209,5,"Pos",17,"c",60,100,73
209,5,"Pos",18,"e",80,120,83
209,5,"Pos",19,"c",60,100,89
209,5,"Pos",20,"d",70,110,101
209,5,"Pos",21,"b",50,70,60
209,5,"Pos",22,"g",100,140,112
209,5,"Pos",23,"h",130,150,144
209,5,"Pos",24,"f",90,130,104
209,5,"Pos",25,"a",40,40,29
209,5,"Pos",26,"i",160,160,180
209,5,"Pos",27,"e",80,120,85
210,6,"Pos",1,"e",80,120,107
210,6,"Pos",2,"h",130,150,148
210,6,"Pos",3,"i",160,160,180
210,6,"Pos",4,"b",50,70,52
210,6,"Pos",5,"c",60,100,66
210,6,"Pos",6,"a",40,40,38
210,6,"Pos",7,"f",90,130,99
210,6,"Pos",8,"d",70,110,98
210,6,"Pos",9,"g",100,140,113
210,6,"Pos",10,"c",60,100,60
210,6,"Pos",11,"d",70,110,102
210,6,"Pos",12,"h",130,150,146
210,6,"Pos",13,"f",90,130,121
210,6,"Pos",14,"e",80,120,118
210,6,"Pos",15,"b",50,70,54
210,6,"Pos",16,"g",100,140,126
210,6,"Pos",17,"i",160,160,180
210,6,"Pos",18,"a",40,40,47
210,6,"Pos",19,"g",100,140,123
210,6,"Pos",20,"a",40,40,39
210,6,"Pos",21,"h",130,150,149
210,6,"Pos",22,"c",60,100,63
210,6,"Pos",23,"i",160,160,180
210,6,"Pos",24,"f",90,130,120
210,6,"Pos",25,"d",70,110,106
210,6,"Pos",26,"b",50,70,50
210,6,"Pos",27,"e",80,120,112
211,7,"Neg",1,"h",130,150,153
211,7,"Neg",2,"e",80,120,118
211,7,"Neg",3,"f",90,130,124
211,7,"Neg",4,"g",100,140,152
211,7,"Neg",5,"d",70,110,96
211,7,"Neg",6,"b",50,70,40
211,7,"Neg",7,"c",60,100,64
211,7,"Neg",8,"i",160,160,171
211,7,"Neg",9,"a",40,40,34
211,7,"Neg",10,"h",130,150,148
211,7,"Neg",11,"b",50,70,49
211,7,"Neg",12,"a",40,40,33
211,7,"Neg",13,"c",60,100,60
211,7,"Neg",14,"i",160,160,172
211,7,"Neg",15,"g",100,140,138
211,7,"Neg",16,"d",70,110,97
211,7,"Neg",17,"f",90,130,132
211,7,"Neg",18,"e",80,120,131
211,7,"Neg",19,"i",160,160,172
211,7,"Neg",20,"g",100,140,146
211,7,"Neg",21,"h",130,150,173
211,7,"Neg",22,"f",90,130,150
211,7,"Neg",23,"d",70,110,109
211,7,"Neg",24,"c",60,100,71
211,7,"Neg",25,"a",40,40,32
211,7,"Neg",26,"e",80,120,113
211,7,"Neg",27,"b",50,70,46
212,8,"Neg",1,"c",60,100,46
212,8,"Neg",2,"d",70,110,65
212,8,"Neg",3,"h",130,150,119
212,8,"Neg",4,"f",90,130,99
212,8,"Neg",5,"a",40,40,36
212,8,"Neg",6,"e",80,120,71
212,8,"Neg",7,"i",160,160,180
212,8,"Neg",8,"b",50,70,49
212,8,"Neg",9,"g",100,140,117
212,8,"Neg",10,"b",50,70,60
212,8,"Neg",11,"h",130,150,133
212,8,"Neg",12,"g",100,140,108
212,8,"Neg",13,"d",70,110,69
212,8,"Neg",14,"c",60,100,57
212,8,"Neg",15,"a",40,40,56
212,8,"Neg",16,"f",90,130,117
212,8,"Neg",17,"e",80,120,85
212,8,"Neg",18,"i",160,160,180
212,8,"Neg",19,"e",80,120,95
212,8,"Neg",20,"h",130,150,141
212,8,"Neg",21,"b",50,70,85
212,8,"Neg",22,"d",70,110,91
212,8,"Neg",23,"c",60,100,95
212,8,"Neg",24,"i",160,160,180
212,8,"Neg",25,"g",100,140,150
212,8,"Neg",26,"a",40,40,39
212,8,"Neg",27,"f",90,130,121
213,1,"Pos",1,"b",50,70,70
213,1,"Pos",2,"g",100,140,65
213,1,"Pos",3,"i",160,160,115
213,1,"Pos",4,"e",80,120,66
213,1,"Pos",5,"f",90,130,50
213,1,"Pos",6,"d",70,110,70
213,1,"Pos",7,"a",40,40,41
213,1,"Pos",8,"h",130,150,85
213,1,"Pos",9,"c",60,100,46
213,1,"Pos",10,"i",160,160,82
213,1,"Pos",11,"h",130,150,115
213,1,"Pos",12,"g",100,140,64
213,1,"Pos",13,"f",90,130,82
213,1,"Pos",14,"d",70,110,66
213,1,"Pos",15,"c",60,100,58
213,1,"Pos",16,"b",50,70,65
213,1,"Pos",17,"e",80,120,79
213,1,"Pos",18,"a",40,40,41
213,1,"Pos",19,"d",70,110,83
213,1,"Pos",20,"f",90,130,78
213,1,"Pos",21,"a",40,40,38
213,1,"Pos",22,"e",80,120,55
213,1,"Pos",23,"c",60,100,54
213,1,"Pos",24,"h",130,150,81
213,1,"Pos",25,"b",50,70,69
213,1,"Pos",26,"i",160,160,63
213,1,"Pos",27,"g",100,140,90
214,2,"Pos",1,"h",130,150,125
214,2,"Pos",2,"a",40,40,32
214,2,"Pos",3,"b",50,70,38
214,2,"Pos",4,"i",160,160,172
214,2,"Pos",5,"f",90,130,74
214,2,"Pos",6,"d",70,110,59
214,2,"Pos",7,"e",80,120,62
214,2,"Pos",8,"c",60,100,48
214,2,"Pos",9,"g",100,140,74
214,2,"Pos",10,"i",160,160,145
214,2,"Pos",11,"e",80,120,73
214,2,"Pos",12,"d",70,110,61
214,2,"Pos",13,"c",60,100,51
214,2,"Pos",14,"b",50,70,47
214,2,"Pos",15,"f",90,130,75
214,2,"Pos",16,"h",130,150,100
214,2,"Pos",17,"g",100,140,97
214,2,"Pos",18,"a",40,40,31
214,2,"Pos",19,"e",80,120,58
214,2,"Pos",20,"a",40,40,38
214,2,"Pos",21,"g",100,140,73
214,2,"Pos",22,"b",50,70,42
214,2,"Pos",23,"i",160,160,159
214,2,"Pos",24,"d",70,110,65
214,2,"Pos",25,"h",130,150,100
214,2,"Pos",26,"c",60,100,52
214,2,"Pos",27,"f",90,130,63
215,3,"Neg",1,"i",160,160,134
215,3,"Neg",2,"c",60,100,44
215,3,"Neg",3,"h",130,150,99
215,3,"Neg",4,"e",80,120,73
215,3,"Neg",5,"b",50,70,39
215,3,"Neg",6,"a",40,40,33
215,3,"Neg",7,"f",90,130,90
215,3,"Neg",8,"g",100,140,107
215,3,"Neg",9,"d",70,110,73
215,3,"Neg",10,"f",90,130,90
215,3,"Neg",11,"h",130,150,104
215,3,"Neg",12,"i",160,160,130
215,3,"Neg",13,"b",50,70,43
215,3,"Neg",14,"a",40,40,31
215,3,"Neg",15,"c",60,100,46
215,3,"Neg",16,"e",80,120,66
215,3,"Neg",17,"g",100,140,90
215,3,"Neg",18,"d",70,110,62
215,3,"Neg",19,"d",70,110,62
215,3,"Neg",20,"b",50,70,41
215,3,"Neg",21,"g",100,140,94
215,3,"Neg",22,"f",90,130,76
215,3,"Neg",23,"e",80,120,75
215,3,"Neg",24,"a",40,40,32
215,3,"Neg",25,"c",60,100,44
215,3,"Neg",26,"i",160,160,122
215,3,"Neg",27,"h",130,150,119
216,4,"Neg",1,"i",160,160,140
216,4,"Neg",2,"a",40,40,20
216,4,"Neg",3,"c",60,100,34
216,4,"Neg",4,"e",80,120,42
216,4,"Neg",5,"g",100,140,67
216,4,"Neg",6,"b",50,70,29
216,4,"Neg",7,"f",90,130,50
216,4,"Neg",8,"d",70,110,39
216,4,"Neg",9,"h",130,150,94
216,4,"Neg",10,"a",40,40,23
216,4,"Neg",11,"c",60,100,32
216,4,"Neg",12,"i",160,160,118
216,4,"Neg",13,"e",80,120,49
216,4,"Neg",14,"g",100,140,70
216,4,"Neg",15,"b",50,70,33
216,4,"Neg",16,"h",130,150,83
216,4,"Neg",17,"f",90,130,59
216,4,"Neg",18,"d",70,110,43
216,4,"Neg",19,"i",160,160,99
216,4,"Neg",20,"c",60,100,37
216,4,"Neg",21,"g",100,140,64
216,4,"Neg",22,"d",70,110,45
216,4,"Neg",23,"b",50,70,29
216,4,"Neg",24,"a",40,40,23
216,4,"Neg",25,"e",80,120,44
216,4,"Neg",26,"f",90,130,56
216,4,"Neg",27,"h",130,150,79
217,5,"Pos",1,"h",130,150,159
217,5,"Pos",2,"d",70,110,131
217,5,"Pos",3,"i",160,160,180
217,5,"Pos",4,"a",40,40,38
217,5,"Pos",5,"g",100,140,152
217,5,"Pos",6,"c",60,100,88
217,5,"Pos",7,"b",50,70,61
217,5,"Pos",8,"e",80,120,146
217,5,"Pos",9,"f",90,130,180
217,5,"Pos",10,"g",100,140,183
217,5,"Pos",11,"h",130,150,180
217,5,"Pos",12,"a",40,40,44
217,5,"Pos",13,"b",50,70,74
217,5,"Pos",14,"d",70,110,149
217,5,"Pos",15,"f",90,130,160
217,5,"Pos",16,"c",60,100,122
217,5,"Pos",17,"e",80,120,142
217,5,"Pos",18,"i",160,160,203
217,5,"Pos",19,"h",130,150,186
217,5,"Pos",20,"c",60,100,111
217,5,"Pos",21,"a",40,40,50
217,5,"Pos",22,"d",70,110,150
217,5,"Pos",23,"f",90,130,183
217,5,"Pos",24,"b",50,70,73
217,5,"Pos",25,"i",160,160,209
217,5,"Pos",26,"e",80,120,130
217,5,"Pos",27,"g",100,140,198
218,6,"Pos",1,"f",90,130,102
218,6,"Pos",2,"e",80,120,95
218,6,"Pos",3,"h",130,150,146
218,6,"Pos",4,"a",40,40,32
218,6,"Pos",5,"g",100,140,120
218,6,"Pos",6,"b",50,70,66
218,6,"Pos",7,"c",60,100,85
218,6,"Pos",8,"d",70,110,95
218,6,"Pos",9,"i",160,160,117
218,6,"Pos",10,"e",80,120,112
218,6,"Pos",11,"h",130,150,173
218,6,"Pos",12,"b",50,70,54
218,6,"Pos",13,"a",40,40,38
218,6,"Pos",14,"c",60,100,69
218,6,"Pos",15,"g",100,140,160
218,6,"Pos",16,"d",70,110,118
218,6,"Pos",17,"i",160,160,180
218,6,"Pos",18,"f",90,130,136
218,6,"Pos",19,"c",60,100,112
218,6,"Pos",20,"a",40,40,43
218,6,"Pos",21,"h",130,150,170
218,6,"Pos",22,"b",50,70,50
218,6,"Pos",23,"d",70,110,84
218,6,"Pos",24,"e",80,120,102
218,6,"Pos",25,"g",100,140,123
218,6,"Pos",26,"i",160,160,180
218,6,"Pos",27,"f",90,130,143
219,7,"Neg",1,"e",80,120,74
219,7,"Neg",2,"b",50,70,51
219,7,"Neg",3,"f",90,130,115
219,7,"Neg",4,"a",40,40,30
219,7,"Neg",5,"d",70,110,54
219,7,"Neg",6,"g",100,140,99
219,7,"Neg",7,"h",130,150,113
219,7,"Neg",8,"i",160,160,158
219,7,"Neg",9,"c",60,100,68
219,7,"Neg",10,"c",60,100,64
219,7,"Neg",11,"d",70,110,73
219,7,"Neg",12,"h",130,150,131
219,7,"Neg",13,"i",160,160,144
219,7,"Neg",14,"e",80,120,100
219,7,"Neg",15,"b",50,70,66
219,7,"Neg",16,"a",40,40,40
219,7,"Neg",17,"f",90,130,117
219,7,"Neg",18,"g",100,140,118
219,7,"Neg",19,"g",100,140,133
219,7,"Neg",20,"i",160,160,153
219,7,"Neg",21,"f",90,130,125
219,7,"Neg",22,"d",70,110,79
219,7,"Neg",23,"c",60,100,60
219,7,"Neg",24,"e",80,120,88
219,7,"Neg",25,"h",130,150,147
219,7,"Neg",26,"a",40,40,39
219,7,"Neg",27,"b",50,70,55
220,8,"Neg",1,"g",100,140,107
220,8,"Neg",2,"d",70,110,63
220,8,"Neg",3,"a",40,40,34
220,8,"Neg",4,"c",60,100,59
220,8,"Neg",5,"h",130,150,126
220,8,"Neg",6,"e",80,120,99
220,8,"Neg",7,"f",90,130,117
220,8,"Neg",8,"i",160,160,151
220,8,"Neg",9,"b",50,70,49
220,8,"Neg",10,"g",100,140,126
220,8,"Neg",11,"i",160,160,144
220,8,"Neg",12,"e",80,120,104
220,8,"Neg",13,"f",90,130,123
220,8,"Neg",14,"d",70,110,92
220,8,"Neg",15,"h",130,150,133
220,8,"Neg",16,"c",60,100,60
220,8,"Neg",17,"b",50,70,52
220,8,"Neg",18,"a",40,40,35
220,8,"Neg",19,"a",40,40,40
220,8,"Neg",20,"g",100,140,118
220,8,"Neg",21,"c",60,100,53
220,8,"Neg",22,"b",50,70,47
220,8,"Neg",23,"e",80,120,93
220,8,"Neg",24,"i",160,160,151
220,8,"Neg",25,"d",70,110,92
220,8,"Neg",26,"h",130,150,120
220,8,"Neg",27,"f",90,130,103
221,1,"Pos",1,"b",50,70,29
221,1,"Pos",2,"e",80,120,60
221,1,"Pos",3,"d",70,110,52
221,1,"Pos",4,"a",40,40,26
221,1,"Pos",5,"i",160,160,113
221,1,"Pos",6,"h",130,150,92
221,1,"Pos",7,"g",100,140,80
221,1,"Pos",8,"c",60,100,44
221,1,"Pos",9,"f",90,130,55
221,1,"Pos",10,"h",130,150,67
221,1,"Pos",11,"i",160,160,113
221,1,"Pos",12,"a",40,40,26
221,1,"Pos",13,"c",60,100,41
221,1,"Pos",14,"e",80,120,53
221,1,"Pos",15,"d",70,110,56
221,1,"Pos",16,"f",90,130,58
221,1,"Pos",17,"g",100,140,68
221,1,"Pos",18,"b",50,70,39
221,1,"Pos",19,"h",130,150,99
221,1,"Pos",20,"e",80,120,64
221,1,"Pos",21,"c",60,100,38
221,1,"Pos",22,"b",50,70,31
221,1,"Pos",23,"f",90,130,69
221,1,"Pos",24,"d",70,110,50
221,1,"Pos",25,"a",40,40,26
221,1,"Pos",26,"i",160,160,113
221,1,"Pos",27,"g",100,140,88
222,2,"Pos",1,"a",40,40,30
222,2,"Pos",2,"h",130,150,117
222,2,"Pos",3,"d",70,110,71
222,2,"Pos",4,"e",80,120,86
222,2,"Pos",5,"b",50,70,63
222,2,"Pos",6,"c",60,100,81
222,2,"Pos",7,"f",90,130,97
222,2,"Pos",8,"g",100,140,116
222,2,"Pos",9,"i",160,160,147
222,2,"Pos",10,"a",40,40,42
222,2,"Pos",11,"d",70,110,89
222,2,"Pos",12,"h",130,150,118
222,2,"Pos",13,"i",160,160,152
222,2,"Pos",14,"g",100,140,117
222,2,"Pos",15,"b",50,70,55
222,2,"Pos",16,"c",60,100,73
222,2,"Pos",17,"e",80,120,96
222,2,"Pos",18,"f",90,130,110
222,2,"Pos",19,"c",60,100,78
222,2,"Pos",20,"g",100,140,116
222,2,"Pos",21,"i",160,160,145
222,2,"Pos",22,"f",90,130,105
222,2,"Pos",23,"h",130,150,125
222,2,"Pos",24,"a",40,40,40
222,2,"Pos",25,"e",80,120,94
222,2,"Pos",26,"d",70,110,82
222,2,"Pos",27,"b",50,70,48
1193,5,"Pos",1,"a",40,40,32
1193,5,"Pos",2,"i",160,160,188
1193,5,"Pos",3,"b",50,70,51
1193,5,"Pos",4,"f",90,130,113
1193,5,"Pos",5,"h",130,150,152
1193,5,"Pos",6,"d",70,110,94
1193,5,"Pos",7,"c",60,100,70
1193,5,"Pos",8,"e",80,120,98
1193,5,"Pos",9,"g",100,140,130
1193,5,"Pos",10,"d",70,110,85
1193,5,"Pos",11,"h",130,150,154
1193,5,"Pos",12,"g",100,140,133
1193,5,"Pos",13,"i",160,160,187
1193,5,"Pos",14,"f",90,130,115
1193,5,"Pos",15,"c",60,100,68
1193,5,"Pos",16,"b",50,70,49
1193,5,"Pos",17,"a",40,40,40
1193,5,"Pos",18,"e",80,120,105
1193,5,"Pos",19,"f",90,130,111
1193,5,"Pos",20,"g",100,140,124
1193,5,"Pos",21,"d",70,110,85
1193,5,"Pos",22,"h",130,150,155
1193,5,"Pos",23,"e",80,120,95
1193,5,"Pos",24,"i",160,160,187
1193,5,"Pos",25,"a",40,40,41
1193,5,"Pos",26,"c",60,100,63
1193,5,"Pos",27,"b",50,70,56
